bri,hue,sat,watt
1,1,1,0.48
1,4001,1,0.48
1,8001,1,0.48
1,12001,1,0.48
1,16001,1,0.48
1,20001,1,0.48
1,24001,1,0.48
1,28001,1,0.48
1,32001,1,0.49
1,36001,1,0.49
1,40001,1,0.49
1,44001,1,0.49
1,48001,1,0.49
1,52001,1,0.49
1,56001,1,0.49
1,60001,1,0.49
1,64001,1,0.49
1,65535,1,0.49
1,1,21,0.48
1,4001,21,0.48
1,8001,21,0.48
1,12001,21,0.48
1,16001,21,0.48
1,20001,21,0.49
1,24001,21,0.49
1,28001,21,0.49
1,32001,21,0.49
1,36001,21,0.49
1,40001,21,0.49
1,44001,21,0.49
1,48001,21,0.49
1,52001,21,0.49
1,56001,21,0.49
1,60001,21,0.49
1,64001,21,0.49
1,65535,21,0.49
1,1,41,0.49
1,4001,41,0.49
1,8001,41,0.49
1,12001,41,0.49
1,16001,41,0.49
1,20001,41,0.49
1,24001,41,0.49
1,28001,41,0.49
1,32001,41,0.49
1,36001,41,0.49
1,40001,41,0.49
1,44001,41,0.49
1,48001,41,0.49
1,52001,41,0.49
1,56001,41,0.49
1,60001,41,0.49
1,64001,41,0.49
1,65535,41,0.49
1,1,61,0.48
1,4001,61,0.48
1,8001,61,0.48
1,12001,61,0.48
1,16001,61,0.48
1,20001,61,0.48
1,24001,61,0.48
1,28001,61,0.48
1,32001,61,0.48
1,36001,61,0.48
1,40001,61,0.49
1,44001,61,0.50
1,48001,61,0.50
1,52001,61,0.50
1,56001,61,0.50
1,60001,61,0.50
1,64001,61,0.50
1,65535,61,0.50
1,1,81,0.49
1,4001,81,0.49
1,8001,81,0.49
1,12001,81,0.49
1,16001,81,0.49
1,20001,81,0.49
1,24001,81,0.49
1,28001,81,0.49
1,32001,81,0.49
1,36001,81,0.49
1,40001,81,0.49
1,44001,81,0.49
1,48001,81,0.49
1,52001,81,0.49
1,56001,81,0.49
1,60001,81,0.49
1,64001,81,0.49
1,65535,81,0.49
1,1,101,0.49
1,4001,101,0.46
1,8001,101,0.46
1,12001,101,0.49
1,16001,101,0.49
1,20001,101,0.49
1,24001,101,0.49
1,28001,101,0.49
1,32001,101,0.49
1,36001,101,0.49
1,40001,101,0.49
1,44001,101,0.49
1,48001,101,0.49
1,52001,101,0.49
1,56001,101,0.49
1,60001,101,0.49
1,64001,101,0.49
1,65535,101,0.49
1,1,121,0.49
1,4001,121,0.49
1,8001,121,0.49
1,12001,121,0.49
1,16001,121,0.49
1,20001,121,0.49
1,24001,121,0.50
1,28001,121,0.50
1,32001,121,0.50
1,36001,121,0.50
1,40001,121,0.50
1,44001,121,0.50
1,48001,121,0.50
1,52001,121,0.50
1,56001,121,0.50
1,60001,121,0.50
1,64001,121,0.50
1,65535,121,0.50
1,1,141,0.49
1,4001,141,0.49
1,8001,141,0.52
1,12001,141,0.5
1,16001,141,0.48
1,20001,141,0.24
1,24001,141,0.49
1,28001,141,0.49
1,32001,141,0.49
1,36001,141,0.25
1,40001,141,0.49
1,44001,141,0.49
1,48001,141,0.49
1,52001,141,0.24
1,56001,141,0.47
1,60001,141,0.24
1,64001,141,0.49
1,65535,141,0.49
1,1,161,0.46
1,4001,161,0.46
1,8001,161,0.46
1,12001,161,0.46
1,16001,161,0.46
1,20001,161,0.46
1,24001,161,0.47
1,28001,161,0.48
1,32001,161,0.48
1,36001,161,0.48
1,40001,161,0.49
1,44001,161,0.49
1,48001,161,0.49
1,52001,161,0.49
1,56001,161,0.49
1,60001,161,0.49
1,64001,161,0.49
1,65535,161,0.48
1,1,181,0.48
1,4001,181,0.49
1,8001,181,0.49
1,12001,181,0.49
1,16001,181,0.49
1,20001,181,0.49
1,24001,181,0.5
1,28001,181,0.5
1,32001,181,0.49
1,36001,181,0.49
1,40001,181,0.49
1,44001,181,0.49
1,48001,181,0.49
1,52001,181,0.46
1,56001,181,0.46
1,60001,181,0.49
1,64001,181,0.49
1,65535,181,0.49
1,1,201,0.49
1,4001,201,0.49
1,8001,201,0.48
1,12001,201,0.48
1,16001,201,0.49
1,20001,201,0.49
1,24001,201,0.49
1,28001,201,0.49
1,32001,201,0.49
1,36001,201,0.49
1,40001,201,0.49
1,44001,201,0.49
1,48001,201,0.49
1,52001,201,0.49
1,56001,201,0.48
1,60001,201,0.48
1,64001,201,0.52
1,65535,201,0.52
1,1,221,0.49
1,4001,221,0.49
1,8001,221,0.49
1,12001,221,0.49
1,16001,221,0.49
1,20001,221,0.48
1,24001,221,0.48
1,28001,221,0.49
1,32001,221,0.49
1,36001,221,0.49
1,40001,221,0.49
1,44001,221,0.49
1,48001,221,0.5
1,52001,221,0.5
1,56001,221,0.48
1,60001,221,0.48
1,64001,221,0.47
1,65535,221,0.47
1,1,241,0.49
1,4001,241,0.49
1,8001,241,0.49
1,12001,241,0.49
1,16001,241,0.49
1,20001,241,0.49
1,24001,241,0.48
1,28001,241,0.48
1,32001,241,0.49
1,36001,241,0.49
1,40001,241,0.49
1,44001,241,0.49
1,48001,241,0.49
1,52001,241,0.49
1,56001,241,0.49
1,60001,241,0.49
1,64001,241,0.49
1,65535,241,0.47
1,1,254,0.47
1,4001,254,0.49
1,8001,254,0.49
1,12001,254,0.51
1,16001,254,0.51
1,20001,254,0.49
1,24001,254,0.49
1,28001,254,0.49
1,32001,254,0.49
1,36001,254,0.49
1,40001,254,0.49
1,44001,254,0.49
1,48001,254,0.47
1,52001,254,0.47
1,56001,254,0.49
1,60001,254,0.49
1,64001,254,0.49
1,65535,254,0.48
21,1,1,0.49
21,4001,1,0.49
21,8001,1,0.49
21,12001,1,0.49
21,16001,1,0.56
21,20001,1,0.57
21,24001,1,0.58
21,28001,1,0.49
21,32001,1,0.49
21,36001,1,0.49
21,40001,1,0.59
21,44001,1,0.59
21,48001,1,0.58
21,52001,1,0.59
21,56001,1,0.59
21,60001,1,0.59
21,64001,1,0.59
21,65535,1,0.54
21,1,21,0.54
21,4001,21,0.55
21,8001,21,0.56
21,12001,21,0.58
21,16001,21,0.49
21,20001,21,0.49
21,24001,21,0.49
21,28001,21,0.57
21,32001,21,0.59
21,36001,21,0.6
21,40001,21,0.59
21,44001,21,0.57
21,48001,21,0.57
21,52001,21,0.57
21,56001,21,0.49
21,60001,21,0.49
21,64001,21,0.49
21,65535,21,0.55
21,1,41,0.56
21,4001,41,0.56
21,8001,41,0.49
21,12001,41,0.49
21,16001,41,0.59
21,20001,41,0.59
21,24001,41,0.57
21,28001,41,0.57
21,32001,41,0.56
21,36001,41,0.56
21,40001,41,0.56
21,44001,41,0.49
21,48001,41,0.49
21,52001,41,0.49
21,56001,41,0.54
21,60001,41,0.54
21,64001,41,0.54
21,65535,41,0.55
21,1,61,0.57
21,4001,61,0.54
21,8001,61,0.54
21,12001,61,0.56
21,16001,61,0.56
21,20001,61,0.49
21,24001,61,0.49
21,28001,61,0.53
21,32001,61,0.53
21,36001,61,0.54
21,40001,61,0.54
21,44001,61,0.58
21,48001,61,0.58
21,52001,61,0.56
21,56001,61,0.56
21,60001,61,0.49
21,64001,61,0.49
21,65535,61,0.55
21,1,81,0.55
21,4001,81,0.49
21,8001,81,0.49
21,12001,81,0.54
21,16001,81,0.54
21,20001,81,0.55
21,24001,81,0.55
21,28001,81,0.54
21,32001,81,0.54
21,36001,81,0.49
21,40001,81,0.49
21,44001,81,0.59
21,48001,81,0.59
21,52001,81,0.55
21,56001,81,0.55
21,60001,81,0.53
21,64001,81,0.53
21,65535,81,0.54
21,1,101,0.54
21,4001,101,0.54
21,8001,101,0.49
21,12001,101,0.49
21,16001,101,0.49
21,20001,101,0.56
21,24001,101,0.56
21,28001,101,0.54
21,32001,101,0.54
21,36001,101,0.49
21,40001,101,0.49
21,44001,101,0.57
21,48001,101,0.57
21,52001,101,0.49
21,56001,101,0.49
21,60001,101,0.52
21,64001,101,0.52
21,65535,101,0.51
21,1,121,0.52
21,4001,121,0.52
21,8001,121,0.26
21,12001,121,0.49
21,16001,121,0.27
21,20001,121,0.53
21,24001,121,0.53
21,28001,121,0.53
21,32001,121,0.53
21,36001,121,0.53
21,40001,121,0.53
21,44001,121,0.58
21,48001,121,0.58
21,52001,121,0.54
21,56001,121,0.54
21,60001,121,0.5
21,64001,121,0.5
21,65535,121,0.5
21,1,141,0.5
21,4001,141,0.52
21,8001,141,0.52
21,12001,141,0.53
21,16001,141,0.53
21,20001,141,0.53
21,24001,141,0.53
21,28001,141,0.49
21,32001,141,0.49
21,36001,141,0.52
21,40001,141,0.52
21,44001,141,0.49
21,48001,141,0.49
21,52001,141,0.53
21,56001,141,0.53
21,60001,141,0.52
21,64001,141,0.51
21,65535,141,0.51
21,1,161,0.51
21,4001,161,0.52
21,8001,161,0.52
21,12001,161,0.54
21,16001,161,0.54
21,20001,161,0.53
21,24001,161,0.52
21,28001,161,0.49
21,32001,161,0.49
21,36001,161,0.49
21,40001,161,0.53
21,44001,161,0.53
21,48001,161,0.55
21,52001,161,0.55
21,56001,161,0.55
21,60001,161,0.55
21,64001,161,0.49
21,65535,161,0.49
21,1,181,0.52
21,4001,181,0.53
21,8001,181,0.53
21,12001,181,0.55
21,16001,181,0.56
21,20001,181,0.55
21,24001,181,0.53
21,28001,181,0.53
21,32001,181,0.49
21,36001,181,0.49
21,40001,181,0.55
21,44001,181,0.55
21,48001,181,0.53
21,52001,181,0.53
21,56001,181,0.49
21,60001,181,0.49
21,64001,181,0.49
21,65535,181,0.49
21,1,201,0.54
21,4001,201,0.54
21,8001,201,0.53
21,12001,201,0.53
21,16001,201,0.52
21,20001,201,0.52
21,24001,201,0.49
21,28001,201,0.49
21,32001,201,0.53
21,36001,201,0.53
21,40001,201,0.54
21,44001,201,0.55
21,48001,201,0.55
21,52001,201,0.55
21,56001,201,0.53
21,60001,201,0.51
21,64001,201,0.49
21,65535,201,0.49
21,1,221,0.49
21,4001,221,0.49
21,8001,221,0.49
21,12001,221,0.49
21,16001,221,0.51
21,20001,221,0.51
21,24001,221,0.5
21,28001,221,0.5
21,32001,221,0.51
21,36001,221,0.51
21,40001,221,0.49
21,44001,221,0.49
21,48001,221,0.49
21,52001,221,0.54
21,56001,221,0.49
21,60001,221,0.49
21,64001,221,0.49
21,65535,221,0.49
21,1,241,0.49
21,4001,241,0.49
21,8001,241,0.49
21,12001,241,0.49
21,16001,241,0.49
21,20001,241,0.54
21,24001,241,0.54
21,28001,241,0.52
21,32001,241,0.52
21,36001,241,0.52
21,40001,241,0.52
21,44001,241,0.49
21,48001,241,0.49
21,52001,241,0.49
21,56001,241,0.49
21,60001,241,0.51
21,64001,241,0.51
21,65535,241,0.49
21,1,254,0.49
21,4001,254,0.49
21,8001,254,0.49
21,12001,254,0.49
21,16001,254,0.55
21,20001,254,0.49
21,24001,254,0.49
21,28001,254,0.49
21,32001,254,0.51
21,36001,254,0.49
21,40001,254,0.49
21,44001,254,0.49
21,48001,254,0.49
21,52001,254,0.49
21,56001,254,0.55
21,60001,254,0.55
21,64001,254,0.5
21,65535,254,0.5
41,1,1,0.64
41,4001,1,0.74
41,8001,1,0.74
41,12001,1,0.74
41,16001,1,0.73
41,20001,1,0.73
41,24001,1,0.73
41,28001,1,0.73
41,32001,1,0.74
41,36001,1,0.74
41,40001,1,0.78
41,44001,1,0.77
41,48001,1,0.75
41,52001,1,0.72
41,56001,1,0.72
41,60001,1,0.71
41,64001,1,0.72
41,65535,1,0.72
41,1,21,0.73
41,4001,21,0.7
41,8001,21,0.74
41,12001,21,0.74
41,16001,21,0.74
41,20001,21,0.77
41,24001,21,0.77
41,28001,21,0.74
41,32001,21,0.74
41,36001,21,0.73
41,40001,21,0.73
41,44001,21,0.74
41,48001,21,0.75
41,52001,21,0.73
41,56001,21,0.72
41,60001,21,0.73
41,64001,21,0.73
41,65535,21,0.72
41,1,41,0.7
41,4001,41,0.7
41,8001,41,0.73
41,12001,41,0.73
41,16001,41,0.73
41,20001,41,0.73
41,24001,41,0.73
41,28001,41,0.73
41,32001,41,0.73
41,36001,41,0.76
41,40001,41,0.76
41,44001,41,0.75
41,48001,41,0.74
41,52001,41,0.74
41,56001,41,0.71
41,60001,41,0.74
41,64001,41,0.74
41,65535,41,0.66
41,1,61,0.64
41,4001,61,0.64
41,8001,61,0.7
41,12001,61,0.7
41,16001,61,0.74
41,20001,61,0.73
41,24001,61,0.71
41,28001,61,0.68
41,32001,61,0.69
41,36001,61,0.69
41,40001,61,0.75
41,44001,61,0.75
41,48001,61,0.73
41,52001,61,0.73
41,56001,61,0.7
41,60001,61,0.69
41,64001,61,0.69
41,65535,61,0.69
41,1,81,0.65
41,4001,81,0.65
41,8001,81,0.69
41,12001,81,0.72
41,16001,81,0.72
41,20001,81,0.71
41,24001,81,0.7
41,28001,81,0.67
41,32001,81,0.65
41,36001,81,0.69
41,40001,81,0.69
41,44001,81,0.74
41,48001,81,0.73
41,52001,81,0.73
41,56001,81,0.68
41,60001,81,0.67
41,64001,81,0.67
41,65535,81,0.69
41,1,101,0.66
41,4001,101,0.63
41,8001,101,0.73
41,12001,101,0.73
41,16001,101,0.69
41,20001,101,0.69
41,24001,101,0.62
41,28001,101,0.62
41,32001,101,0.62
41,36001,101,0.65
41,40001,101,0.69
41,44001,101,0.69
41,48001,101,0.7
41,52001,101,0.68
41,56001,101,0.68
41,60001,101,0.67
41,64001,101,0.69
41,65535,101,0.7
41,1,121,0.65
41,4001,121,0.64
41,8001,121,0.64
41,12001,121,0.7
41,16001,121,0.7
41,20001,121,0.65
41,24001,121,0.65
41,28001,121,0.63
41,32001,121,0.63
41,36001,121,0.63
41,40001,121,0.67
41,44001,121,0.72
41,48001,121,0.77
41,52001,121,0.77
41,56001,121,0.66
41,60001,121,0.66
41,64001,121,0.61
41,65535,121,0.61
41,1,141,0.61
41,4001,141,0.6
41,8001,141,0.6
41,12001,141,0.66
41,16001,141,0.64
41,20001,141,0.62
41,24001,141,0.61
41,28001,141,0.59
41,32001,141,0.63
41,36001,141,0.63
41,40001,141,0.61
41,44001,141,0.66
41,48001,141,0.7
41,52001,141,0.67
41,56001,141,0.67
41,60001,141,0.62
41,64001,141,0.62
41,65535,141,0.61
41,1,161,0.57
41,4001,161,0.57
41,8001,161,0.63
41,12001,161,0.63
41,16001,161,0.66
41,20001,161,0.66
41,24001,161,0.6
41,28001,161,0.6
41,32001,161,0.6
41,36001,161,0.59
41,40001,161,0.59
41,44001,161,0.75
41,48001,161,0.72
41,52001,161,0.68
41,56001,161,0.62
41,60001,161,0.62
41,64001,161,0.59
41,65535,161,0.59
41,1,181,0.66
41,4001,181,0.59
41,8001,181,0.59
41,12001,181,0.67
41,16001,181,0.67
41,20001,181,0.58
41,24001,181,0.58
41,28001,181,0.57
41,32001,181,0.59
41,36001,181,0.61
41,40001,181,0.68
41,44001,181,0.68
41,48001,181,0.63
41,52001,181,0.63
41,56001,181,0.69
41,60001,181,0.61
41,64001,181,0.61
41,65535,181,0.58
41,1,201,0.58
41,4001,201,0.6
41,8001,201,0.62
41,12001,201,0.64
41,16001,201,0.62
41,20001,201,0.62
41,24001,201,0.56
41,28001,201,0.56
41,32001,201,0.59
41,36001,201,0.59
41,40001,201,0.67
41,44001,201,0.67
41,48001,201,0.64
41,52001,201,0.64
41,56001,201,0.65
41,60001,201,0.65
41,64001,201,0.6
41,65535,201,0.6
41,1,221,0.59
41,4001,221,0.6
41,8001,221,0.6
41,12001,221,0.66
41,16001,221,0.63
41,20001,221,0.61
41,24001,221,0.59
41,28001,221,0.57
41,32001,221,0.59
41,36001,221,0.59
41,40001,221,0.63
41,44001,221,0.63
41,48001,221,0.63
41,52001,221,0.65
41,56001,221,0.66
41,60001,221,0.63
41,64001,221,0.6
41,65535,221,0.58
41,1,241,0.59
41,4001,241,0.6
41,8001,241,0.61
41,12001,241,0.63
41,16001,241,0.62
41,20001,241,0.62
41,24001,241,0.58
41,28001,241,0.58
41,32001,241,0.58
41,36001,241,0.58
41,40001,241,0.64
41,44001,241,0.61
41,48001,241,0.58
41,52001,241,0.66
41,56001,241,0.66
41,60001,241,0.63
41,64001,241,0.63
41,65535,241,0.56
41,1,254,0.58
41,4001,254,0.6
41,8001,254,0.6
41,12001,254,0.61
41,16001,254,0.59
41,20001,254,0.59
41,24001,254,0.59
41,28001,254,0.59
41,32001,254,0.57
41,36001,254,0.57
41,40001,254,0.62
41,44001,254,0.63
41,48001,254,0.64
41,52001,254,0.67
41,56001,254,0.67
41,60001,254,0.61
41,64001,254,0.61
41,65535,254,0.58
61,1,1,1.01
61,4001,1,0.99
61,8001,1,0.99
61,12001,1,1.03
61,16001,1,1.03
61,20001,1,1.03
61,24001,1,1.05
61,28001,1,1.0
61,32001,1,1.0
61,36001,1,1.04
61,40001,1,1.02
61,44001,1,1.01
61,48001,1,1.0
61,52001,1,0.99
61,56001,1,0.99
61,60001,1,0.99
61,64001,1,1.0
61,65535,1,1.02
61,1,21,0.97
61,4001,21,0.97
61,8001,21,0.99
61,12001,21,0.99
61,16001,21,1.05
61,20001,21,1.04
61,24001,21,1.04
61,28001,21,1.04
61,32001,21,1.04
61,36001,21,1.07
61,40001,21,1.03
61,44001,21,1.0
61,48001,21,1.02
61,52001,21,1.02
61,56001,21,0.95
61,60001,21,0.97
61,64001,21,0.97
61,65535,21,0.97
61,1,41,0.93
61,4001,41,0.92
61,8001,41,0.94
61,12001,41,1.0
61,16001,41,1.02
61,20001,41,1.02
61,24001,41,1.01
61,28001,41,1.0
61,32001,41,1.0
61,36001,41,1.02
61,40001,41,1.02
61,44001,41,1.0
61,48001,41,1.06
61,52001,41,0.99
61,56001,41,0.99
61,60001,41,0.93
61,64001,41,0.93
61,65535,41,0.93
61,1,61,0.92
61,4001,61,0.89
61,8001,61,0.89
61,12001,61,0.99
61,16001,61,1.0
61,20001,61,1.02
61,24001,61,1.0
61,28001,61,0.97
61,32001,61,0.94
61,36001,61,0.96
61,40001,61,0.99
61,44001,61,1.02
61,48001,61,1.02
61,52001,61,0.96
61,56001,61,0.89
61,60001,61,0.89
61,64001,61,0.88
61,65535,61,0.87
61,1,81,0.86
61,4001,81,0.86
61,8001,81,0.93
61,12001,81,0.94
61,16001,81,0.95
61,20001,81,0.93
61,24001,81,0.93
61,28001,81,0.82
61,32001,81,0.87
61,36001,81,0.87
61,40001,81,0.96
61,44001,81,1.04
61,48001,81,1.04
61,52001,81,0.91
61,56001,81,0.9
61,60001,81,0.88
61,64001,81,0.86
61,65535,81,0.88
61,1,101,0.89
61,4001,101,0.8
61,8001,101,0.87
61,12001,101,0.87
61,16001,101,0.89
61,20001,101,0.85
61,24001,101,0.82
61,28001,101,0.78
61,32001,101,0.78
61,36001,101,0.85
61,40001,101,1.01
61,44001,101,1.01
61,48001,101,1.0
61,52001,101,0.97
61,56001,101,0.91
61,60001,101,0.88
61,64001,101,0.84
61,65535,101,0.82
61,1,121,0.76
61,4001,121,0.82
61,8001,121,0.88
61,12001,121,0.89
61,16001,121,0.89
61,20001,121,0.83
61,24001,121,0.83
61,28001,121,0.73
61,32001,121,0.83
61,36001,121,0.83
61,40001,121,0.93
61,44001,121,0.93
61,48001,121,1.04
61,52001,121,0.89
61,56001,121,0.86
61,60001,121,0.82
61,64001,121,0.79
61,65535,121,0.79
61,1,141,0.76
61,4001,141,0.81
61,8001,141,0.81
61,12001,141,0.88
61,16001,141,0.82
61,20001,141,0.82
61,24001,141,0.76
61,28001,141,0.75
61,32001,141,0.74
61,36001,141,0.74
61,40001,141,0.86
61,44001,141,0.86
61,48001,141,0.96
61,52001,141,0.92
61,56001,141,0.87
61,60001,141,0.77
61,64001,141,0.77
61,65535,141,0.73
61,1,161,0.73
61,4001,161,0.76
61,8001,161,0.78
61,12001,161,0.88
61,16001,161,0.82
61,20001,161,0.76
61,24001,161,0.72
61,28001,161,0.72
61,32001,161,0.72
61,36001,161,0.77
61,40001,161,0.83
61,44001,161,1.0
61,48001,161,0.91
61,52001,161,0.87
61,56001,161,0.83
61,60001,161,0.8
61,64001,161,0.73
61,65535,161,0.73
61,1,181,0.72
61,4001,181,0.69
61,8001,181,0.77
61,12001,181,0.85
61,16001,181,0.8
61,20001,181,0.75
61,24001,181,0.71
61,28001,181,0.71
61,32001,181,0.72
61,36001,181,0.73
61,40001,181,1.01
61,44001,181,0.92
61,48001,181,0.82
61,52001,181,0.91
61,56001,181,0.84
61,60001,181,0.77
61,64001,181,0.73
61,65535,181,0.73
61,1,201,0.7
61,4001,201,0.72
61,8001,201,0.72
61,12001,201,0.82
61,16001,201,0.82
61,20001,201,0.72
61,24001,201,0.72
61,28001,201,0.7
61,32001,201,0.69
61,36001,201,0.74
61,40001,201,0.81
61,44001,201,0.89
61,48001,201,0.77
61,52001,201,0.85
61,56001,201,0.85
61,60001,201,0.79
61,64001,201,0.73
61,65535,201,0.7
61,1,221,0.68
61,4001,221,0.66
61,8001,221,0.78
61,12001,221,0.77
61,16001,221,0.76
61,20001,221,0.72
61,24001,221,0.72
61,28001,221,0.69
61,32001,221,0.69
61,36001,221,0.69
61,40001,221,0.83
61,44001,221,0.83
61,48001,221,0.74
61,52001,221,0.74
61,56001,221,0.84
61,60001,221,0.72
61,64001,221,0.72
61,65535,221,0.68
61,1,241,0.68
61,4001,241,0.68
61,8001,241,0.76
61,12001,241,0.76
61,16001,241,0.74
61,20001,241,0.71
61,24001,241,0.67
61,28001,241,0.71
61,32001,241,0.71
61,36001,241,0.74
61,40001,241,0.77
61,44001,241,0.81
61,48001,241,0.78
61,52001,241,0.81
61,56001,241,0.83
61,60001,241,0.77
61,64001,241,0.7
61,65535,241,0.67
61,1,254,0.67
61,4001,254,0.67
61,8001,254,0.79
61,12001,254,0.78
61,16001,254,0.78
61,20001,254,0.67
61,24001,254,0.67
61,28001,254,0.7
61,32001,254,0.7
61,36001,254,0.7
61,40001,254,0.79
61,44001,254,0.79
61,48001,254,0.75
61,52001,254,0.8
61,56001,254,0.86
61,60001,254,0.73
61,64001,254,0.73
61,65535,254,0.68
81,1,1,1.39
81,4001,1,1.39
81,8001,1,1.43
81,12001,1,1.41
81,16001,1,1.4
81,20001,1,1.44
81,24001,1,1.41
81,28001,1,1.38
81,32001,1,1.39
81,36001,1,1.38
81,40001,1,1.38
81,44001,1,1.38
81,48001,1,1.38
81,52001,1,1.4
81,56001,1,1.42
81,60001,1,1.35
81,64001,1,1.36
81,65535,1,1.36
81,1,21,1.38
81,4001,21,1.32
81,8001,21,1.34
81,12001,21,1.35
81,16001,21,1.39
81,20001,21,1.41
81,24001,21,1.43
81,28001,21,1.42
81,32001,21,1.42
81,36001,21,1.41
81,40001,21,1.41
81,44001,21,1.4
81,48001,21,1.38
81,52001,21,1.34
81,56001,21,1.34
81,60001,21,1.32
81,64001,21,1.31
81,65535,21,1.31
81,1,41,1.27
81,4001,41,1.23
81,8001,41,1.31
81,12001,41,1.37
81,16001,41,1.39
81,20001,41,1.4
81,24001,41,1.41
81,28001,41,1.41
81,32001,41,1.41
81,36001,41,1.4
81,40001,41,1.39
81,44001,41,1.45
81,48001,41,1.45
81,52001,41,1.38
81,56001,41,1.27
81,60001,41,1.25
81,64001,41,1.24
81,65535,41,1.26
81,1,61,1.21
81,4001,61,1.2
81,8001,61,1.28
81,12001,61,1.28
81,16001,61,1.36
81,20001,61,1.35
81,24001,61,1.31
81,28001,61,1.27
81,32001,61,1.23
81,36001,61,1.31
81,40001,61,1.4
81,44001,61,1.39
81,48001,61,1.37
81,52001,61,1.26
81,56001,61,1.26
81,60001,61,1.2
81,64001,61,1.23
81,65535,61,1.21
81,1,81,1.16
81,4001,81,1.16
81,8001,81,1.19
81,12001,81,1.27
81,16001,81,1.3
81,20001,81,1.34
81,24001,81,1.1
81,28001,81,1.11
81,32001,81,1.13
81,36001,81,1.14
81,40001,81,1.45
81,44001,81,1.44
81,48001,81,1.43
81,52001,81,1.31
81,56001,81,1.22
81,60001,81,1.19
81,64001,81,1.17
81,65535,81,1.13
81,1,101,1.1
81,4001,101,1.08
81,8001,101,1.25
81,12001,101,1.25
81,16001,101,1.25
81,20001,101,1.15
81,24001,101,1.05
81,28001,101,1.03
81,32001,101,1.01
81,36001,101,1.1
81,40001,101,1.41
81,44001,101,1.41
81,48001,101,1.39
81,52001,101,1.22
81,56001,101,1.12
81,60001,101,1.12
81,64001,101,1.1
81,65535,101,1.03
81,1,121,0.99
81,4001,121,0.99
81,8001,121,1.15
81,12001,121,1.21
81,16001,121,1.15
81,20001,121,1.15
81,24001,121,0.99
81,28001,121,0.94
81,32001,121,0.98
81,36001,121,1.01
81,40001,121,1.14
81,44001,121,1.45
81,48001,121,1.45
81,52001,121,1.23
81,56001,121,1.15
81,60001,121,1.09
81,64001,121,1.03
81,65535,121,0.98
81,1,141,0.91
81,4001,141,0.99
81,8001,141,1.07
81,12001,141,1.16
81,16001,141,1.11
81,20001,141,1.02
81,24001,141,0.93
81,28001,141,0.89
81,32001,141,0.93
81,36001,141,0.96
81,40001,141,1.07
81,44001,141,1.36
81,48001,141,1.31
81,52001,141,1.25
81,56001,141,1.1
81,60001,141,1.0
81,64001,141,0.95
81,65535,141,0.9
81,1,161,0.89
81,4001,161,0.88
81,8001,161,1.02
81,12001,161,1.11
81,16001,161,1.11
81,20001,161,0.96
81,24001,161,0.91
81,28001,161,0.86
81,32001,161,0.9
81,36001,161,0.98
81,40001,161,1.05
81,44001,161,1.39
81,48001,161,1.2
81,52001,161,1.21
81,56001,161,1.09
81,60001,161,0.97
81,64001,161,0.94
81,65535,161,0.94
81,1,181,0.89
81,4001,181,0.86
81,8001,181,0.99
81,12001,181,1.13
81,16001,181,1.06
81,20001,181,1.06
81,24001,181,0.88
81,28001,181,0.86
81,32001,181,0.89
81,36001,181,0.89
81,40001,181,1.02
81,44001,181,1.15
81,48001,181,1.2
81,52001,181,1.24
81,56001,181,1.1
81,60001,181,0.96
81,64001,181,0.88
81,65535,181,0.88
81,1,201,0.83
81,4001,201,0.83
81,8001,201,0.95
81,12001,201,1.13
81,16001,201,1.13
81,20001,201,0.89
81,24001,201,0.85
81,28001,201,0.86
81,32001,201,0.86
81,36001,201,0.96
81,40001,201,1.12
81,44001,201,1.27
81,48001,201,1.0
81,52001,201,1.18
81,56001,201,1.18
81,60001,201,0.96
81,64001,201,0.88
81,65535,201,0.88
81,1,221,0.84
81,4001,221,0.84
81,8001,221,0.93
81,12001,221,1.13
81,16001,221,1.0
81,20001,221,0.87
81,24001,221,0.86
81,28001,221,0.87
81,32001,221,0.88
81,36001,221,0.98
81,40001,221,1.1
81,44001,221,1.22
81,48001,221,0.96
81,52001,221,1.17
81,56001,221,0.96
81,60001,221,0.96
81,64001,221,0.86
81,65535,221,0.81
81,1,241,0.83
81,4001,241,0.93
81,8001,241,1.02
81,12001,241,1.11
81,16001,241,0.97
81,20001,241,0.86
81,24001,241,0.86
81,28001,241,0.83
81,32001,241,0.91
81,36001,241,0.98
81,40001,241,1.05
81,44001,241,1.13
81,48001,241,1.06
81,52001,241,1.06
81,56001,241,1.11
81,60001,241,0.87
81,64001,241,0.87
81,65535,241,0.8
81,1,254,0.81
81,4001,254,0.81
81,8001,254,0.9
81,12001,254,1.03
81,16001,254,0.96
81,20001,254,0.88
81,24001,254,0.85
81,28001,254,0.81
81,32001,254,0.88
81,36001,254,0.98
81,40001,254,1.08
81,44001,254,1.07
81,48001,254,1.05
81,52001,254,1.05
81,56001,254,1.14
81,60001,254,0.88
81,64001,254,0.88
81,65535,254,0.81
101,1,1,1.73
101,4001,1,1.87
101,8001,1,1.87
101,12001,1,1.88
101,16001,1,1.87
101,20001,1,1.86
101,24001,1,1.83
101,28001,1,1.89
101,32001,1,1.84
101,36001,1,1.87
101,40001,1,1.86
101,44001,1,1.85
101,48001,1,1.87
101,52001,1,1.89
101,56001,1,1.89
101,60001,1,1.89
101,64001,1,1.86
101,65535,1,1.87
101,1,21,1.76
101,4001,21,1.78
101,8001,21,1.79
101,12001,21,1.87
101,16001,21,1.89
101,20001,21,1.9
101,24001,21,1.91
101,28001,21,1.93
101,32001,21,1.91
101,36001,21,1.91
101,40001,21,1.92
101,44001,21,1.89
101,48001,21,1.89
101,52001,21,1.83
101,56001,21,1.76
101,60001,21,1.75
101,64001,21,1.8
101,65535,21,1.78
101,1,41,1.68
101,4001,41,1.76
101,8001,41,1.76
101,12001,41,1.79
101,16001,41,1.89
101,20001,41,1.94
101,24001,41,1.91
101,28001,41,1.91
101,32001,41,1.9
101,36001,41,1.93
101,40001,41,1.93
101,44001,41,1.91
101,48001,41,1.82
101,52001,41,1.76
101,56001,41,1.68
101,60001,41,1.66
101,64001,41,1.71
101,65535,41,1.63
101,1,61,1.57
101,4001,61,1.62
101,8001,61,1.68
101,12001,61,1.78
101,16001,61,1.78
101,20001,61,1.89
101,24001,61,1.77
101,28001,61,1.73
101,32001,61,1.69
101,36001,61,1.73
101,40001,61,1.91
101,44001,61,1.91
101,48001,61,1.82
101,52001,61,1.73
101,56001,61,1.63
101,60001,61,1.6
101,64001,61,1.6
101,65535,61,1.6
101,1,81,1.48
101,4001,81,1.48
101,8001,81,1.67
101,12001,81,1.68
101,16001,81,1.74
101,20001,81,1.67
101,24001,81,1.67
101,28001,81,1.45
101,32001,81,1.44
101,36001,81,1.61
101,40001,81,1.78
101,44001,81,1.96
101,48001,81,1.84
101,52001,81,1.65
101,56001,81,1.65
101,60001,81,1.55
101,64001,81,1.56
101,65535,81,1.48
101,1,101,1.35
101,4001,101,1.35
101,8001,101,1.55
101,12001,101,1.61
101,16001,101,1.54
101,20001,101,1.54
101,24001,101,1.36
101,28001,101,1.29
101,32001,101,1.29
101,36001,101,1.36
101,40001,101,1.9
101,44001,101,1.9
101,48001,101,1.81
101,52001,101,1.72
101,56001,101,1.54
101,60001,101,1.47
101,64001,101,1.42
101,65535,101,1.37
101,1,121,1.34
101,4001,121,1.29
101,8001,121,1.42
101,12001,121,1.55
101,16001,121,1.55
101,20001,121,1.35
101,24001,121,1.2
101,28001,121,1.2
101,32001,121,1.23
101,36001,121,1.26
101,40001,121,1.44
101,44001,121,1.92
101,48001,121,1.72
101,52001,121,1.61
101,56001,121,1.5
101,60001,121,1.4
101,64001,121,1.4
101,65535,121,1.3
101,1,141,1.18
101,4001,141,1.17
101,8001,141,1.44
101,12001,141,1.44
101,16001,141,1.36
101,20001,141,1.28
101,24001,141,1.16
101,28001,141,1.14
101,32001,141,1.19
101,36001,141,1.32
101,40001,141,1.41
101,44001,141,1.88
101,48001,141,1.68
101,52001,141,1.68
101,56001,141,1.51
101,60001,141,1.35
101,64001,141,1.22
101,65535,141,1.18
101,1,161,1.1
101,4001,161,1.1
101,8001,161,1.33
101,12001,161,1.56
101,16001,161,1.29
101,20001,161,1.29
101,24001,161,1.13
101,28001,161,1.08
101,32001,161,1.23
101,36001,161,1.23
101,40001,161,1.33
101,44001,161,1.84
101,48001,161,1.72
101,52001,161,1.6
101,56001,161,1.5
101,60001,161,1.18
101,64001,161,1.16
101,65535,161,1.14
101,1,181,1.1
101,4001,181,1.06
101,8001,181,1.23
101,12001,181,1.31
101,16001,181,1.39
101,20001,181,1.16
101,24001,181,1.11
101,28001,181,1.06
101,32001,181,1.06
101,36001,181,1.24
101,40001,181,1.24
101,44001,181,1.89
101,48001,181,1.59
101,52001,181,1.59
101,56001,181,1.42
101,60001,181,1.19
101,64001,181,1.15
101,65535,181,1.11
101,1,201,1.07
101,4001,201,1.04
101,8001,201,1.26
101,12001,201,1.49
101,16001,201,1.29
101,20001,201,1.07
101,24001,201,1.07
101,28001,201,1.04
101,32001,201,1.1
101,36001,201,1.29
101,40001,201,1.29
101,44001,201,1.73
101,48001,201,1.48
101,52001,201,1.48
101,56001,201,1.45
101,60001,201,1.22
101,64001,201,1.13
101,65535,201,1.05
101,1,221,1.05
101,4001,221,1.01
101,8001,221,1.29
101,12001,221,1.28
101,16001,221,1.27
101,20001,221,1.12
101,24001,221,1.08
101,28001,221,1.05
101,32001,221,1.07
101,36001,221,1.2
101,40001,221,1.51
101,44001,221,1.36
101,48001,221,1.33
101,52001,221,1.45
101,56001,221,1.48
101,60001,221,1.17
101,64001,221,1.03
101,65535,221,1.03
101,1,241,1.0
101,4001,241,1.01
101,8001,241,1.22
101,12001,241,1.24
101,16001,241,1.26
101,20001,241,1.09
101,24001,241,1.08
101,28001,241,1.07
101,32001,241,1.05
101,36001,241,1.26
101,40001,241,1.38
101,44001,241,1.49
101,48001,241,1.31
101,52001,241,1.43
101,56001,241,1.38
101,60001,241,1.21
101,64001,241,1.12
101,65535,241,1.03
101,1,254,1.01
101,4001,254,1.01
101,8001,254,1.34
101,12001,254,1.34
101,16001,254,1.22
101,20001,254,1.1
101,24001,254,1.02
101,28001,254,1.02
101,32001,254,1.08
101,36001,254,1.19
101,40001,254,1.39
101,44001,254,1.27
101,48001,254,1.16
101,52001,254,1.32
101,56001,254,1.48
101,60001,254,1.18
101,64001,254,1.08
101,65535,254,0.98
121,1,1,2.45
121,4001,1,2.44
121,8001,1,2.43
121,12001,1,2.48
121,16001,1,2.46
121,20001,1,2.48
121,24001,1,2.44
121,28001,1,2.47
121,32001,1,2.49
121,36001,1,2.49
121,40001,1,2.49
121,44001,1,2.48
121,48001,1,2.46
121,52001,1,2.46
121,56001,1,2.46
121,60001,1,2.46
121,64001,1,2.48
121,65535,1,2.46
121,1,21,2.38
121,4001,21,2.3
121,8001,21,2.4
121,12001,21,2.52
121,16001,21,2.52
121,20001,21,2.51
121,24001,21,2.51
121,28001,21,2.53
121,32001,21,2.52
121,36001,21,2.51
121,40001,21,2.51
121,44001,21,2.52
121,48001,21,2.52
121,52001,21,2.41
121,56001,21,2.4
121,60001,21,2.29
121,64001,21,2.3
121,65535,21,2.3
121,1,41,2.23
121,4001,41,2.17
121,8001,41,2.32
121,12001,41,2.42
121,16001,41,2.49
121,20001,41,2.5
121,24001,41,2.52
121,28001,41,2.53
121,32001,41,2.55
121,36001,41,2.56
121,40001,41,2.54
121,44001,41,2.5
121,48001,41,2.45
121,52001,41,2.4
121,56001,41,2.24
121,60001,41,2.2
121,64001,41,2.2
121,65535,41,2.19
121,1,61,2.07
121,4001,61,2.13
121,8001,61,2.26
121,12001,61,2.33
121,16001,61,2.36
121,20001,61,2.53
121,24001,61,2.25
121,28001,61,2.21
121,32001,61,2.24
121,36001,61,2.28
121,40001,61,2.58
121,44001,61,2.54
121,48001,61,2.41
121,52001,61,2.17
121,56001,61,2.13
121,60001,61,2.1
121,64001,61,2.06
121,65535,61,2.07
121,1,81,1.97
121,4001,81,1.99
121,8001,81,2.09
121,12001,81,2.22
121,16001,81,2.26
121,20001,81,2.32
121,24001,81,1.91
121,28001,81,1.89
121,32001,81,1.87
121,36001,81,1.96
121,40001,81,2.32
121,44001,81,2.53
121,48001,81,2.32
121,52001,81,2.2
121,56001,81,2.08
121,60001,81,2.02
121,64001,81,1.98
121,65535,81,1.96
121,1,101,1.73
121,4001,101,1.73
121,8001,101,2.02
121,12001,101,2.15
121,16001,101,2.02
121,20001,101,1.74
121,24001,101,1.69
121,28001,101,1.63
121,32001,101,1.68
121,36001,101,1.8
121,40001,101,2.44
121,44001,101,2.46
121,48001,101,2.36
121,52001,101,2.22
121,56001,101,2.02
121,60001,101,1.92
121,64001,101,1.82
121,65535,101,1.82
121,1,121,1.56
121,4001,121,1.56
121,8001,121,1.94
121,12001,121,2.04
121,16001,121,1.92
121,20001,121,1.79
121,24001,121,1.59
121,28001,121,1.48
121,32001,121,1.6
121,36001,121,1.75
121,40001,121,1.9
121,44001,121,2.51
121,48001,121,2.51
121,52001,121,2.16
121,56001,121,2.01
121,60001,121,1.86
121,64001,121,1.69
121,65535,121,1.59
121,1,141,1.55
121,4001,141,1.46
121,8001,141,1.84
121,12001,141,1.9
121,16001,141,1.77
121,20001,141,1.64
121,24001,141,1.49
121,28001,141,1.41
121,32001,141,1.46
121,36001,141,1.66
121,40001,141,1.86
121,44001,141,2.56
121,48001,141,2.29
121,52001,141,2.07
121,56001,141,1.86
121,60001,141,1.66
121,64001,141,1.59
121,65535,141,1.47
121,1,161,1.39
121,4001,161,1.51
121,8001,161,1.51
121,12001,161,1.99
121,16001,161,1.78
121,20001,161,1.52
121,24001,161,1.44
121,28001,161,1.36
121,32001,161,1.43
121,36001,161,1.58
121,40001,161,2.27
121,44001,161,2.12
121,48001,161,1.97
121,52001,161,2.14
121,56001,161,1.85
121,60001,161,1.48
121,64001,161,1.48
121,65535,161,1.42
121,1,181,1.34
121,4001,181,1.38
121,8001,181,1.64
121,12001,181,1.9
121,16001,181,1.71
121,20001,181,1.48
121,24001,181,1.41
121,28001,181,1.33
121,32001,181,1.4
121,36001,181,1.56
121,40001,181,2.1
121,44001,181,2.47
121,48001,181,1.78
121,52001,181,2.09
121,56001,181,1.85
121,60001,181,1.51
121,64001,181,1.43
121,65535,181,1.33
121,1,201,1.24
121,4001,201,1.4
121,8001,201,1.74
121,12001,201,1.93
121,16001,201,1.67
121,20001,201,1.47
121,24001,201,1.39
121,28001,201,1.31
121,32001,201,1.38
121,36001,201,1.61
121,40001,201,1.94
121,44001,201,1.97
121,48001,201,1.68
121,52001,201,2.08
121,56001,201,1.79
121,60001,201,1.58
121,64001,201,1.37
121,65535,201,1.28
121,1,221,1.24
121,4001,221,1.35
121,8001,221,1.47
121,12001,221,1.85
121,16001,221,1.45
121,20001,221,1.45
121,24001,221,1.3
121,28001,221,1.31
121,32001,221,1.33
121,36001,221,1.45
121,40001,221,1.75
121,44001,221,1.7
121,48001,221,1.65
121,52001,221,1.92
121,56001,221,1.83
121,60001,221,1.34
121,64001,221,1.3
121,65535,221,1.26
121,1,241,1.22
121,4001,241,1.24
121,8001,241,1.39
121,12001,241,1.68
121,16001,241,1.68
121,20001,241,1.42
121,24001,241,1.25
121,28001,241,1.35
121,32001,241,1.35
121,36001,241,1.44
121,40001,241,1.73
121,44001,241,1.92
121,48001,241,1.82
121,52001,241,1.85
121,56001,241,1.89
121,60001,241,1.53
121,64001,241,1.29
121,65535,241,1.26
121,1,254,1.21
121,4001,254,1.34
121,8001,254,1.34
121,12001,254,1.88
121,16001,254,1.59
121,20001,254,1.27
121,24001,254,1.27
121,28001,254,1.27
121,32001,254,1.36
121,36001,254,1.64
121,40001,254,1.74
121,44001,254,1.84
121,48001,254,1.47
121,52001,254,1.8
121,56001,254,1.53
121,60001,254,1.53
121,64001,254,1.3
121,65535,254,1.21
141,1,1,3.21
141,4001,1,3.23
141,8001,1,3.19
141,12001,1,3.19
141,16001,1,3.18
141,20001,1,3.2
141,24001,1,3.2
141,28001,1,3.18
141,32001,1,3.25
141,36001,1,3.2
141,40001,1,3.2
141,44001,1,3.2
141,48001,1,3.19
141,52001,1,3.17
141,56001,1,3.18
141,60001,1,3.17
141,64001,1,3.19
141,65535,1,3.18
141,1,21,2.98
141,4001,21,3.0
141,8001,21,3.08
141,12001,21,3.16
141,16001,21,3.24
141,20001,21,3.23
141,24001,21,3.23
141,28001,21,3.29
141,32001,21,3.29
141,36001,21,3.27
141,40001,21,3.25
141,44001,21,3.25
141,48001,21,3.19
141,52001,21,3.08
141,56001,21,3.04
141,60001,21,2.99
141,64001,21,2.98
141,65535,21,2.97
141,1,41,3.01
141,4001,41,2.77
141,8001,41,2.96
141,12001,41,3.18
141,16001,41,3.26
141,20001,41,3.26
141,24001,41,3.28
141,28001,41,3.28
141,32001,41,3.25
141,36001,41,3.3
141,40001,41,3.27
141,44001,41,3.28
141,48001,41,3.04
141,52001,41,2.98
141,56001,41,2.92
141,60001,41,2.81
141,64001,41,2.8
141,65535,41,2.83
141,1,61,2.78
141,4001,61,2.6
141,8001,61,2.82
141,12001,61,2.96
141,16001,61,3.13
141,20001,61,3.08
141,24001,61,2.88
141,28001,61,2.73
141,32001,61,2.84
141,36001,61,2.94
141,40001,61,3.3
141,44001,61,3.22
141,48001,61,3.1
141,52001,61,2.99
141,56001,61,2.79
141,60001,61,2.67
141,64001,61,2.63
141,65535,61,2.64
141,1,81,2.5
141,4001,81,2.5
141,8001,81,2.79
141,12001,81,2.86
141,16001,81,3.02
141,20001,81,2.78
141,24001,81,2.55
141,28001,81,2.35
141,32001,81,2.44
141,36001,81,2.52
141,40001,81,3.12
141,44001,81,3.24
141,48001,81,3.07
141,52001,81,2.9
141,56001,81,2.71
141,60001,81,2.58
141,64001,81,2.52
141,65535,81,2.5
141,1,101,2.28
141,4001,101,2.46
141,8001,101,2.59
141,12001,101,2.79
141,16001,101,2.85
141,20001,101,2.54
141,24001,101,2.2
141,28001,101,2.17
141,32001,101,2.21
141,36001,101,2.28
141,40001,101,2.65
141,44001,101,3.34
141,48001,101,3.25
141,52001,101,2.87
141,56001,101,2.51
141,60001,101,2.46
141,64001,101,2.41
141,65535,101,2.27
141,1,121,2.19
141,4001,121,2.03
141,8001,121,2.62
141,12001,121,2.61
141,16001,121,2.44
141,20001,121,2.28
141,24001,121,2.03
141,28001,121,1.92
141,32001,121,1.98
141,36001,121,2.26
141,40001,121,2.48
141,44001,121,3.33
141,48001,121,3.26
141,52001,121,2.67
141,56001,121,2.48
141,60001,121,2.28
141,64001,121,2.14
141,65535,121,2.0
141,1,141,1.87
141,4001,141,2.1
141,8001,141,2.34
141,12001,141,2.46
141,16001,141,2.35
141,20001,141,2.11
141,24001,141,1.82
141,28001,141,1.85
141,32001,141,1.88
141,36001,141,2.0
141,40001,141,2.31
141,44001,141,3.2
141,48001,141,2.99
141,52001,141,2.63
141,56001,141,2.48
141,60001,141,2.18
141,64001,141,1.98
141,65535,141,1.92
141,1,161,1.7
141,4001,161,1.94
141,8001,161,2.18
141,12001,161,2.57
141,16001,161,2.28
141,20001,161,1.8
141,24001,161,1.74
141,28001,161,1.74
141,32001,161,1.8
141,36001,161,1.92
141,40001,161,3.29
141,44001,161,2.9
141,48001,161,2.51
141,52001,161,2.76
141,56001,161,2.44
141,60001,161,2.03
141,64001,161,1.92
141,65535,161,1.82
141,1,181,1.69
141,4001,181,2.02
141,8001,181,2.26
141,12001,181,2.34
141,16001,181,2.19
141,20001,181,1.87
141,24001,181,1.65
141,28001,181,1.65
141,32001,181,1.77
141,36001,181,1.89
141,40001,181,2.53
141,44001,181,2.65
141,48001,181,2.7
141,52001,181,2.58
141,56001,181,2.4
141,60001,181,2.02
141,64001,181,1.68
141,65535,181,1.66
141,1,201,1.62
141,4001,201,1.62
141,8001,201,1.91
141,12001,201,2.43
141,16001,201,1.94
141,20001,201,1.66
141,24001,201,1.62
141,28001,201,1.58
141,32001,201,1.73
141,36001,201,1.99
141,40001,201,2.46
141,44001,201,2.48
141,48001,201,2.04
141,52001,201,2.68
141,56001,201,2.39
141,60001,201,1.97
141,64001,201,1.71
141,65535,201,1.66
141,1,221,1.56
141,4001,221,1.71
141,8001,221,1.85
141,12001,221,2.43
141,16001,221,2.04
141,20001,221,1.57
141,24001,221,1.58
141,28001,221,1.59
141,32001,221,1.66
141,36001,221,1.9
141,40001,221,2.27
141,44001,221,2.64
141,48001,221,1.92
141,52001,221,2.48
141,56001,221,2.05
141,60001,221,1.75
141,64001,221,1.57
141,65535,221,1.57
141,1,241,1.61
141,4001,241,1.7
141,8001,241,1.8
141,12001,241,2.41
141,16001,241,2.02
141,20001,241,1.7
141,24001,241,1.56
141,28001,241,1.6
141,32001,241,1.64
141,36001,241,1.84
141,40001,241,2.38
141,44001,241,2.13
141,48001,241,1.87
141,52001,241,2.31
141,56001,241,2.42
141,60001,241,1.7
141,64001,241,1.63
141,65535,241,1.55
141,1,254,1.55
141,4001,254,1.55
141,8001,254,1.78
141,12001,254,2.45
141,16001,254,1.85
141,20001,254,1.74
141,24001,254,1.62
141,28001,254,1.57
141,32001,254,1.65
141,36001,254,1.94
141,40001,254,2.32
141,44001,254,2.32
141,48001,254,1.85
141,52001,254,2.2
141,56001,254,2.25
141,60001,254,1.7
141,64001,254,1.61
141,65535,254,1.53
161,1,1,4.04
161,4001,1,4.05
161,8001,1,4.07
161,12001,1,4.07
161,16001,1,4.09
161,20001,1,4.1
161,24001,1,4.08
161,28001,1,4.12
161,32001,1,4.1
161,36001,1,4.08
161,40001,1,4.09
161,44001,1,4.05
161,48001,1,4.05
161,52001,1,4.03
161,56001,1,4.05
161,60001,1,4.07
161,64001,1,4.04
161,65535,1,4.05
161,1,21,4.07
161,4001,21,3.78
161,8001,21,3.86
161,12001,21,4.1
161,16001,21,4.14
161,20001,21,4.16
161,24001,21,4.14
161,28001,21,4.13
161,32001,21,4.14
161,36001,21,4.17
161,40001,21,4.16
161,44001,21,4.12
161,48001,21,3.97
161,52001,21,3.9
161,56001,21,3.83
161,60001,21,3.83
161,64001,21,3.8
161,65535,21,3.77
161,1,41,3.62
161,4001,41,3.51
161,8001,41,3.83
161,12001,41,3.96
161,16001,41,4.11
161,20001,41,4.14
161,24001,41,4.14
161,28001,41,4.16
161,32001,41,4.2
161,36001,41,4.16
161,40001,41,4.16
161,44001,41,4.14
161,48001,41,4.02
161,52001,41,3.9
161,56001,41,3.69
161,60001,41,3.59
161,64001,41,3.56
161,65535,41,3.53
161,1,61,3.32
161,4001,61,3.42
161,8001,61,3.77
161,12001,61,3.82
161,16001,61,3.87
161,20001,61,4.09
161,24001,61,3.84
161,28001,61,3.5
161,32001,61,3.7
161,36001,61,3.93
161,40001,61,4.17
161,44001,61,4.2
161,48001,61,4.09
161,52001,61,3.77
161,56001,61,3.54
161,60001,61,3.43
161,64001,61,3.39
161,65535,61,3.33
161,1,81,3.15
161,4001,81,3.47
161,8001,81,3.55
161,12001,81,3.64
161,16001,81,3.74
161,20001,81,3.84
161,24001,81,3.16
161,28001,81,2.95
161,32001,81,3.05
161,36001,81,3.49
161,40001,81,3.83
161,44001,81,4.22
161,48001,81,4.13
161,52001,81,3.58
161,56001,81,3.26
161,60001,81,3.24
161,64001,81,3.21
161,65535,81,3.18
161,1,101,3.01
161,4001,101,3.06
161,8001,101,3.37
161,12001,101,3.46
161,16001,101,3.63
161,20001,101,3.17
161,24001,101,2.67
161,28001,101,2.7
161,32001,101,2.77
161,36001,101,2.85
161,40001,101,3.39
161,44001,101,4.2
161,48001,101,4.1
161,52001,101,3.49
161,56001,101,3.15
161,60001,101,3.09
161,64001,101,3.03
161,65535,101,2.94
161,1,121,2.85
161,4001,121,2.58
161,8001,121,3.17
161,12001,121,3.42
161,16001,121,3.01
161,20001,121,2.75
161,24001,121,2.43
161,28001,121,2.37
161,32001,121,2.51
161,36001,121,2.63
161,40001,121,3.4
161,44001,121,4.16
161,48001,121,4.04
161,52001,121,3.31
161,56001,121,3.13
161,60001,121,2.84
161,64001,121,2.75
161,65535,121,2.59
161,1,141,2.47
161,4001,141,2.32
161,8001,141,3.02
161,12001,141,3.33
161,16001,141,2.85
161,20001,141,2.59
161,24001,141,2.28
161,28001,141,2.23
161,32001,141,2.33
161,36001,141,2.46
161,40001,141,2.92
161,44001,141,4.03
161,48001,141,3.49
161,52001,141,3.34
161,56001,141,3.19
161,60001,141,2.7
161,64001,141,2.51
161,65535,141,2.36
161,1,161,2.22
161,4001,161,2.56
161,8001,161,2.92
161,12001,161,3.09
161,16001,161,2.89
161,20001,161,2.49
161,24001,161,2.19
161,28001,161,2.2
161,32001,161,2.39
161,36001,161,2.59
161,40001,161,2.79
161,44001,161,4.21
161,48001,161,3.17
161,52001,161,3.49
161,56001,161,2.86
161,60001,161,2.59
161,64001,161,2.28
161,65535,161,2.24
161,1,181,2.11
161,4001,181,2.05
161,8001,181,2.59
161,12001,181,3.17
161,16001,181,2.61
161,20001,181,2.15
161,24001,181,2.12
161,28001,181,2.08
161,32001,181,2.16
161,36001,181,2.31
161,40001,181,2.73
161,44001,181,4.09
161,48001,181,2.81
161,52001,181,3.45
161,56001,181,2.55
161,60001,181,2.42
161,64001,181,2.29
161,65535,181,2.07
161,1,201,2.02
161,4001,201,1.99
161,8001,201,2.45
161,12001,201,3.18
161,16001,201,2.49
161,20001,201,2.26
161,24001,201,2.04
161,28001,201,2.01
161,32001,201,2.18
161,36001,201,2.42
161,40001,201,3.17
161,44001,201,3.68
161,48001,201,2.55
161,52001,201,3.39
161,56001,201,2.75
161,60001,201,2.46
161,64001,201,2.09
161,65535,201,2.02
161,1,221,2.0
161,4001,221,1.95
161,8001,221,2.36
161,12001,221,3.04
161,16001,221,2.23
161,20001,221,2.23
161,24001,221,1.98
161,28001,221,1.98
161,32001,221,2.17
161,36001,221,2.72
161,40001,221,3.03
161,44001,221,3.34
161,48001,221,2.41
161,52001,221,3.13
161,56001,221,3.08
161,60001,221,2.21
161,64001,221,2.08
161,65535,221,1.95
161,1,241,1.94
161,4001,241,1.93
161,8001,241,2.24
161,12001,241,3.15
161,16001,241,2.5
161,20001,241,1.97
161,24001,241,1.97
161,28001,241,1.96
161,32001,241,2.03
161,36001,241,2.37
161,40001,241,3.1
161,44001,241,2.72
161,48001,241,2.35
161,52001,241,2.92
161,56001,241,3.11
161,60001,241,2.44
161,64001,241,1.97
161,65535,241,1.97
161,1,254,1.93
161,4001,254,1.88
161,8001,254,2.22
161,12001,254,3.09
161,16001,254,2.22
161,20001,254,2.22
161,24001,254,1.94
161,28001,254,1.99
161,32001,254,2.12
161,36001,254,2.64
161,40001,254,2.79
161,44001,254,2.93
161,48001,254,2.31
161,52001,254,2.78
161,56001,254,3.1
161,60001,254,2.23
161,64001,254,2.08
161,65535,254,1.92
181,1,1,5.02
181,4001,1,5.03
181,8001,1,5.1
181,12001,1,5.07
181,16001,1,5.05
181,20001,1,5.04
181,24001,1,5.04
181,28001,1,5.04
181,32001,1,5.09
181,36001,1,5.08
181,40001,1,5.06
181,44001,1,5.09
181,48001,1,5.08
181,52001,1,5.06
181,56001,1,5.05
181,60001,1,5.07
181,64001,1,5.07
181,65535,1,5.07
181,1,21,4.68
181,4001,21,4.77
181,8001,21,4.89
181,12001,21,5.01
181,16001,21,5.14
181,20001,21,5.15
181,24001,21,5.19
181,28001,21,5.2
181,32001,21,5.17
181,36001,21,5.2
181,40001,21,5.17
181,44001,21,5.14
181,48001,21,5.12
181,52001,21,4.98
181,56001,21,4.81
181,60001,21,4.74
181,64001,21,4.69
181,65535,21,4.68
181,1,41,4.36
181,4001,41,4.52
181,8001,41,4.67
181,12001,41,4.9
181,16001,41,5.08
181,20001,41,5.2
181,24001,41,5.23
181,28001,41,5.24
181,32001,41,5.26
181,36001,41,5.25
181,40001,41,5.23
181,44001,41,5.24
181,48001,41,5.11
181,52001,41,4.86
181,56001,41,4.54
181,60001,41,4.51
181,64001,41,4.48
181,65535,41,4.4
181,1,61,4.29
181,4001,61,4.16
181,8001,61,4.5
181,12001,61,4.67
181,16001,61,4.95
181,20001,61,4.83
181,24001,61,4.35
181,28001,61,4.42
181,32001,61,4.5
181,36001,61,4.61
181,40001,61,5.2
181,44001,61,5.25
181,48001,61,4.78
181,52001,61,4.61
181,56001,61,4.44
181,60001,61,4.27
181,64001,61,4.24
181,65535,61,4.18
181,1,81,4.02
181,4001,81,3.95
181,8001,81,4.29
181,12001,81,4.56
181,16001,81,4.79
181,20001,81,4.35
181,24001,81,3.91
181,28001,81,3.61
181,32001,81,3.75
181,36001,81,4.15
181,40001,81,5.26
181,44001,81,5.19
181,48001,81,5.12
181,52001,81,4.6
181,56001,81,4.33
181,60001,81,4.09
181,64001,81,4.02
181,65535,81,3.98
181,1,101,3.53
181,4001,101,3.91
181,8001,101,4.39
181,12001,101,4.48
181,16001,101,4.57
181,20001,101,3.98
181,24001,101,3.38
181,28001,101,3.22
181,32001,101,3.5
181,36001,101,3.86
181,40001,101,5.27
181,44001,101,5.19
181,48001,101,4.86
181,52001,101,4.54
181,56001,101,4.16
181,60001,101,4.01
181,64001,101,3.81
181,65535,101,3.57
181,1,121,3.22
181,4001,121,3.26
181,8001,121,4.22
181,12001,121,4.18
181,16001,121,4.13
181,20001,121,3.56
181,24001,121,3.11
181,28001,121,2.95
181,32001,121,3.22
181,36001,121,3.53
181,40001,121,3.84
181,44001,121,5.28
181,48001,121,5.09
181,52001,121,4.45
181,56001,121,4.12
181,60001,121,3.56
181,64001,121,3.4
181,65535,121,3.22
181,1,141,2.88
181,4001,141,3.34
181,8001,141,3.8
181,12001,141,4.16
181,16001,141,3.83
181,20001,141,3.24
181,24001,141,2.74
181,28001,141,2.8
181,32001,141,2.95
181,36001,141,3.04
181,40001,141,3.56
181,44001,141,5.26
181,48001,141,4.5
181,52001,141,4.26
181,56001,141,3.73
181,60001,141,3.46
181,64001,141,3.19
181,65535,141,2.95
181,1,161,2.82
181,4001,161,2.7
181,8001,161,3.67
181,12001,161,3.64
181,16001,161,3.34
181,20001,161,3.05
181,24001,161,2.62
181,28001,161,2.59
181,32001,161,2.71
181,36001,161,2.92
181,40001,161,4.19
181,44001,161,4.07
181,48001,161,4.15
181,52001,161,4.35
181,56001,161,3.93
181,60001,161,3.31
181,64001,161,2.95
181,65535,161,2.79
181,1,181,2.68
181,4001,181,2.55
181,8001,181,3.25
181,12001,181,3.65
181,16001,181,3.29
181,20001,181,2.76
181,24001,181,2.58
181,28001,181,2.52
181,32001,181,2.63
181,36001,181,2.97
181,40001,181,5.12
181,44001,181,3.46
181,48001,181,3.91
181,52001,181,4.1
181,56001,181,3.84
181,60001,181,3.22
181,64001,181,2.81
181,65535,181,2.64
181,1,201,2.54
181,4001,201,2.51
181,8001,201,3.17
181,12001,201,3.85
181,16001,201,2.79
181,20001,201,2.63
181,24001,201,2.48
181,28001,201,2.44
181,32001,201,2.53
181,36001,201,2.94
181,40001,201,4.45
181,44001,201,3.78
181,48001,201,3.12
181,52001,201,4.27
181,56001,201,3.81
181,60001,201,3.01
181,64001,201,2.52
181,65535,201,2.52
181,1,221,2.44
181,4001,221,2.62
181,8001,221,3.88
181,12001,221,3.56
181,16001,221,3.25
181,20001,221,2.66
181,24001,221,2.39
181,28001,221,2.42
181,32001,221,2.77
181,36001,221,3.04
181,40001,221,3.31
181,44001,221,4.16
181,48001,221,2.98
181,52001,221,3.91
181,56001,221,3.16
181,60001,221,2.67
181,64001,221,2.55
181,65535,221,2.41
181,1,241,2.38
181,4001,241,2.75
181,8001,241,3.33
181,12001,241,3.92
181,16001,241,3.16
181,20001,241,2.64
181,24001,241,2.37
181,28001,241,2.42
181,32001,241,2.62
181,36001,241,3.42
181,40001,241,3.78
181,44001,241,3.3
181,48001,241,2.81
181,52001,241,3.55
181,56001,241,3.9
181,60001,241,3.06
181,64001,241,2.41
181,65535,241,2.41
181,1,254,2.37
181,4001,254,2.57
181,8001,254,3.33
181,12001,254,3.88
181,16001,254,3.1
181,20001,254,2.63
181,24001,254,2.37
181,28001,254,2.52
181,32001,254,2.66
181,36001,254,3.12
181,40001,254,3.44
181,44001,254,3.62
181,48001,254,2.78
181,52001,254,3.44
181,56001,254,3.23
181,60001,254,2.92
181,64001,254,2.62
181,65535,254,2.41
201,1,1,6.23
201,4001,1,6.25
201,8001,1,6.23
201,12001,1,6.22
201,16001,1,6.24
201,20001,1,6.25
201,24001,1,6.24
201,28001,1,6.26
201,32001,1,6.26
201,36001,1,6.26
201,40001,1,6.28
201,44001,1,6.22
201,48001,1,6.23
201,52001,1,6.2
201,56001,1,6.23
201,60001,1,6.24
201,64001,1,6.22
201,65535,1,6.23
201,1,21,6.0
201,4001,21,5.89
201,8001,21,6.12
201,12001,21,6.23
201,16001,21,6.3
201,20001,21,6.35
201,24001,21,6.39
201,28001,21,6.41
201,32001,21,6.42
201,36001,21,6.4
201,40001,21,6.42
201,44001,21,6.35
201,48001,21,6.27
201,52001,21,6.1
201,56001,21,5.95
201,60001,21,5.84
201,64001,21,5.83
201,65535,21,5.78
201,1,41,5.62
201,4001,41,5.43
201,8001,41,5.79
201,12001,41,6.09
201,16001,41,6.24
201,20001,41,6.39
201,24001,41,6.39
201,28001,41,6.42
201,32001,41,6.44
201,36001,41,6.42
201,40001,41,6.42
201,44001,41,6.43
201,48001,41,6.3
201,52001,41,5.92
201,56001,41,5.61
201,60001,41,5.54
201,64001,41,5.47
201,65535,41,5.47
201,1,61,5.16
201,4001,61,5.36
201,8001,61,5.67
201,12001,61,5.97
201,16001,61,6.17
201,20001,61,6.37
201,24001,61,5.82
201,28001,61,5.27
201,32001,61,5.55
201,36001,61,6.37
201,40001,61,6.44
201,44001,61,6.36
201,48001,61,6.28
201,52001,61,5.8
201,56001,61,5.48
201,60001,61,5.33
201,64001,61,5.21
201,65535,61,5.2
201,1,81,4.97
201,4001,81,4.95
201,8001,81,5.43
201,12001,81,5.6
201,16001,81,5.81
201,20001,81,5.84
201,24001,81,4.75
201,28001,81,4.4
201,32001,81,4.61
201,36001,81,5.23
201,40001,81,6.46
201,44001,81,6.38
201,48001,81,6.29
201,52001,81,5.68
201,56001,81,5.28
201,60001,81,5.1
201,64001,81,5.02
201,65535,81,4.97
201,1,101,4.51
201,4001,101,4.78
201,8001,101,5.09
201,12001,101,5.52
201,16001,101,5.26
201,20001,101,4.88
201,24001,101,4.15
201,28001,101,3.86
201,32001,101,4.05
201,36001,101,4.92
201,40001,101,5.95
201,44001,101,6.14
201,48001,101,6.34
201,52001,101,5.37
201,56001,101,5.08
201,60001,101,5.0
201,64001,101,4.68
201,65535,101,4.56
201,1,121,4.03
201,4001,121,5.02
201,8001,121,5.22
201,12001,121,5.13
201,16001,121,5.04
201,20001,121,4.03
201,24001,121,3.74
201,28001,121,3.51
201,32001,121,3.68
201,36001,121,4.19
201,40001,121,5.32
201,44001,121,6.38
201,48001,121,6.32
201,52001,121,5.53
201,56001,121,5.07
201,60001,121,4.58
201,64001,121,4.29
201,65535,121,4.02
201,1,141,3.7
201,4001,141,3.8
201,8001,141,4.83
201,12001,141,4.73
201,16001,141,4.34
201,20001,141,3.95
201,24001,141,3.46
201,28001,141,3.26
201,32001,141,3.5
201,36001,141,4.34
201,40001,141,5.42
201,44001,141,6.5
201,48001,141,5.64
201,52001,141,5.43
201,56001,141,4.81
201,60001,141,4.01
201,64001,141,3.88
201,65535,141,3.75
201,1,161,3.56
201,4001,161,3.93
201,8001,161,5.06
201,12001,161,4.73
201,16001,161,4.39
201,20001,161,3.7
201,24001,161,3.21
201,28001,161,3.2
201,32001,161,3.49
201,36001,161,3.84
201,40001,161,4.18
201,44001,161,5.6
201,48001,161,4.74
201,52001,161,5.39
201,56001,161,4.94
201,60001,161,4.12
201,64001,161,3.61
201,65535,161,3.52
201,1,181,3.26
201,4001,181,3.28
201,8001,181,4.1
201,12001,181,4.57
201,16001,181,4.05
201,20001,181,3.29
201,24001,181,3.06
201,28001,181,3.0
201,32001,181,3.13
201,36001,181,3.84
201,40001,181,5.06
201,44001,181,5.25
201,48001,181,4.22
201,52001,181,5.4
201,56001,181,4.85
201,60001,181,3.79
201,64001,181,3.31
201,65535,181,3.31
201,1,201,3.15
201,4001,201,3.52
201,8001,201,3.88
201,12001,201,4.96
201,16001,201,4.06
201,20001,201,3.36
201,24001,201,2.92
201,28001,201,2.96
201,32001,201,3.39
201,36001,201,3.7
201,40001,201,4.0
201,44001,201,5.6
201,48001,201,3.8
201,52001,201,5.15
201,56001,201,3.93
201,60001,201,3.68
201,64001,201,3.43
201,65535,201,3.18
201,1,221,3.08
201,4001,221,3.03
201,8001,221,3.72
201,12001,221,4.93
201,16001,221,3.57
201,20001,221,2.87
201,24001,221,2.84
201,28001,221,2.82
201,32001,221,3.02
201,36001,221,3.36
201,40001,221,4.2
201,44001,221,3.57
201,48001,221,4.17
201,52001,221,4.78
201,56001,221,4.87
201,60001,221,3.87
201,64001,221,3.35
201,65535,221,3.05
201,1,241,3.02
201,4001,241,3.41
201,8001,241,4.15
201,12001,241,4.38
201,16001,241,3.87
201,20001,241,3.19
201,24001,241,2.83
201,28001,241,2.88
201,32001,241,3.34
201,36001,241,3.72
201,40001,241,4.09
201,44001,241,4.65
201,48001,241,3.43
201,52001,241,4.38
201,56001,241,4.87
201,60001,241,3.5
201,64001,241,3.26
201,65535,241,3.02
201,1,254,3.03
201,4001,254,3.26
201,8001,254,3.5
201,12001,254,4.89
201,16001,254,3.82
201,20001,254,3.14
201,24001,254,2.83
201,28001,254,2.91
201,32001,254,3.15
201,36001,254,3.31
201,40001,254,4.18
201,44001,254,4.38
201,48001,254,3.89
201,52001,254,4.39
201,56001,254,4.9
201,60001,254,3.89
201,64001,254,3.24
201,65535,254,3.02
221,1,1,6.92
221,4001,1,7.53
221,8001,1,7.53
221,12001,1,7.58
221,16001,1,7.59
221,20001,1,7.58
221,24001,1,7.64
221,28001,1,7.63
221,32001,1,7.62
221,36001,1,7.61
221,40001,1,7.59
221,44001,1,7.58
221,48001,1,7.54
221,52001,1,7.54
221,56001,1,7.54
221,60001,1,7.54
221,64001,1,7.55
221,65535,1,7.54
221,1,21,7.32
221,4001,21,7.15
221,8001,21,7.24
221,12001,21,7.49
221,16001,21,7.7
221,20001,21,7.67
221,24001,21,7.74
221,28001,21,7.75
221,32001,21,7.75
221,36001,21,7.73
221,40001,21,7.73
221,44001,21,7.7
221,48001,21,7.44
221,52001,21,7.26
221,56001,21,7.14
221,60001,21,7.1
221,64001,21,7.09
221,65535,21,7.09
221,1,41,6.65
221,4001,41,6.84
221,8001,41,7.13
221,12001,41,7.52
221,16001,41,7.62
221,20001,41,7.7
221,24001,41,7.72
221,28001,41,7.81
221,32001,41,7.82
221,36001,41,7.79
221,40001,41,7.76
221,44001,41,7.78
221,48001,41,7.59
221,52001,41,7.2
221,56001,41,6.89
221,60001,41,6.75
221,64001,41,6.76
221,65535,41,6.69
221,1,61,6.41
221,4001,61,6.46
221,8001,61,6.98
221,12001,61,7.07
221,16001,61,7.26
221,20001,61,7.6
221,24001,61,6.48
221,28001,61,6.55
221,32001,61,6.62
221,36001,61,6.91
221,40001,61,7.83
221,44001,61,7.82
221,48001,61,7.64
221,52001,61,7.11
221,56001,61,6.62
221,60001,61,6.53
221,64001,61,6.45
221,65535,61,6.42
221,1,81,6.36
221,4001,81,6.43
221,8001,81,6.78
221,12001,81,6.92
221,16001,81,7.11
221,20001,81,7.15
221,24001,81,5.54
221,28001,81,5.31
221,32001,81,5.49
221,36001,81,5.77
221,40001,81,7.47
221,44001,81,7.55
221,48001,81,6.96
221,52001,81,6.64
221,56001,81,6.52
221,60001,81,6.4
221,64001,81,6.36
221,65535,81,6.36
221,1,101,6.3
221,4001,101,5.77
221,8001,101,6.38
221,12001,101,6.69
221,16001,101,6.91
221,20001,101,4.99
221,24001,101,4.82
221,28001,101,4.76
221,32001,101,4.87
221,36001,101,5.13
221,40001,101,6.18
221,44001,101,7.86
221,48001,101,7.62
221,52001,101,6.7
221,56001,101,6.53
221,60001,101,6.24
221,64001,101,6.12
221,65535,101,5.82
221,1,121,5.76
221,4001,121,5.13
221,8001,121,6.34
221,12001,121,6.48
221,16001,121,5.39
221,20001,121,4.96
221,24001,121,4.53
221,28001,121,4.22
221,32001,121,4.4
221,36001,121,4.67
221,40001,121,6.75
221,44001,121,7.21
221,48001,121,7.25
221,52001,121,6.63
221,56001,121,6.45
221,60001,121,5.97
221,64001,121,5.49
221,65535,121,5.2
221,1,141,5.17
221,4001,141,4.73
221,8001,141,6.1
221,12001,141,6.42
221,16001,141,5.21
221,20001,141,4.66
221,24001,141,3.93
221,28001,141,4.01
221,32001,141,4.08
221,36001,141,4.44
221,40001,141,5.24
221,44001,141,7.7
221,48001,141,6.86
221,52001,141,6.36
221,56001,141,5.96
221,60001,141,5.1
221,64001,141,4.97
221,65535,141,4.79
221,1,161,4.42
221,4001,161,5.04
221,8001,161,5.96
221,12001,161,6.26
221,16001,161,5.37
221,20001,161,4.47
221,24001,161,3.86
221,28001,161,3.78
221,32001,161,4.01
221,36001,161,4.62
221,40001,161,6.42
221,44001,161,7.83
221,48001,161,5.77
221,52001,161,6.65
221,56001,161,6.28
221,60001,161,5.27
221,64001,161,4.49
221,65535,161,4.47
221,1,181,4.26
221,4001,181,4.77
221,8001,181,5.77
221,12001,181,6.26
221,16001,181,5.11
221,20001,181,4.23
221,24001,181,3.63
221,28001,181,3.75
221,32001,181,3.93
221,36001,181,4.11
221,40001,181,4.9
221,44001,181,7.7
221,48001,181,5.05
221,52001,181,6.6
221,56001,181,5.36
221,60001,181,4.98
221,64001,181,4.6
221,65535,181,4.28
221,1,201,4.15
221,4001,201,4.08
221,8001,201,4.99
221,12001,201,6.25
221,16001,201,4.78
221,20001,201,3.62
221,24001,201,3.56
221,28001,201,3.5
221,32001,201,3.65
221,36001,201,4.03
221,40001,201,5.0
221,44001,201,4.87
221,48001,201,5.67
221,52001,201,6.47
221,56001,201,6.1
221,60001,201,4.99
221,64001,201,4.45
221,65535,201,4.08
221,1,221,3.94
221,4001,221,4.0
221,8001,221,5.89
221,12001,221,5.34
221,16001,221,4.78
221,20001,221,3.92
221,24001,221,3.48
221,28001,221,3.44
221,32001,221,3.88
221,36001,221,4.37
221,40001,221,5.51
221,44001,221,6.16
221,48001,221,4.31
221,52001,221,5.85
221,56001,221,6.16
221,60001,221,4.42
221,64001,221,4.11
221,65535,221,4.04
221,1,241,3.91
221,4001,241,4.61
221,8001,241,5.39
221,12001,241,6.17
221,16001,241,4.67
221,20001,241,3.78
221,24001,241,3.41
221,28001,241,3.49
221,32001,241,3.88
221,36001,241,4.38
221,40001,241,5.27
221,44001,241,5.64
221,48001,241,4.12
221,52001,241,5.33
221,56001,241,5.63
221,60001,241,4.95
221,64001,241,4.12
221,65535,241,3.99
221,1,254,3.9
221,4001,254,3.9
221,8001,254,4.51
221,12001,254,6.17
221,16001,254,4.6
221,20001,254,3.71
221,24001,254,3.39
221,28001,254,3.49
221,32001,254,3.8
221,36001,254,4.01
221,40001,254,4.96
221,44001,254,5.34
221,48001,254,4.43
221,52001,254,5.34
221,56001,254,5.6
221,60001,254,4.95
221,64001,254,4.29
221,65535,254,3.89
241,1,1,9.02
241,4001,1,9.05
241,8001,1,9.08
241,12001,1,9.11
241,16001,1,9.13
241,20001,1,9.2
241,24001,1,9.16
241,28001,1,9.18
241,32001,1,9.21
241,36001,1,9.17
241,40001,1,9.18
241,44001,1,9.18
241,48001,1,9.1
241,52001,1,9.1
241,56001,1,9.1
241,60001,1,9.04
241,64001,1,9.07
241,65535,1,9.08
241,1,21,8.76
241,4001,21,8.46
241,8001,21,8.7
241,12001,21,9.11
241,16001,21,9.27
241,20001,21,9.24
241,24001,21,9.22
241,28001,21,9.24
241,32001,21,9.23
241,36001,21,9.23
241,40001,21,9.29
241,44001,21,9.19
241,48001,21,9.1
241,52001,21,8.71
241,56001,21,8.55
241,60001,21,8.48
241,64001,21,8.48
241,65535,21,8.47
241,1,41,8.38
241,4001,41,8.22
241,8001,41,8.4
241,12001,41,8.94
241,16001,41,9.13
241,20001,41,9.21
241,24001,41,9.22
241,28001,41,9.26
241,32001,41,9.28
241,36001,41,9.3
241,40001,41,9.24
241,44001,41,9.28
241,48001,41,9.13
241,52001,41,8.65
241,56001,41,8.29
241,60001,41,8.15
241,64001,41,8.09
241,65535,41,8.05
241,1,61,7.88
241,4001,61,7.96
241,8001,61,8.44
241,12001,61,8.55
241,16001,61,8.66
241,20001,61,9.16
241,24001,61,8.49
241,28001,61,7.72
241,32001,61,8.12
241,36001,61,8.25
241,40001,61,9.32
241,44001,61,9.3
241,48001,61,8.97
241,52001,61,8.45
241,56001,61,7.98
241,60001,61,7.96
241,64001,61,7.95
241,65535,61,7.92
241,1,81,8.02
241,4001,81,7.93
241,8001,81,8.19
241,12001,81,8.38
241,16001,81,8.54
241,20001,81,7.72
241,24001,81,6.9
241,28001,81,6.37
241,32001,81,6.62
241,36001,81,6.96
241,40001,81,8.48
241,44001,81,9.24
241,48001,81,8.79
241,52001,81,8.19
241,56001,81,8.03
241,60001,81,8.04
241,64001,81,8.0
241,65535,81,8.09
241,1,101,7.64
241,4001,101,7.64
241,8001,101,8.0
241,12001,101,8.19
241,16001,101,8.01
241,20001,101,6.0
241,24001,101,5.77
241,28001,101,5.54
241,32001,101,5.78
241,36001,101,6.15
241,40001,101,7.64
241,44001,101,9.35
241,48001,101,8.24
241,52001,101,8.12
241,56001,101,8.01
241,60001,101,8.21
241,64001,101,8.03
241,65535,101,7.74
241,1,121,6.94
241,4001,121,6.89
241,8001,121,8.1
241,12001,121,7.98
241,16001,121,7.38
241,20001,121,5.42
241,24001,121,5.2
241,28001,121,4.98
241,32001,121,5.24
241,36001,121,5.61
241,40001,121,6.77
241,44001,121,9.28
241,48001,121,8.79
241,52001,121,8.13
241,56001,121,8.07
241,60001,121,7.4
241,64001,121,7.08
241,65535,121,6.98
241,1,141,6.4
241,4001,141,6.62
241,8001,141,7.95
241,12001,141,6.96
241,16001,141,6.47
241,20001,141,5.31
241,24001,141,4.71
241,28001,141,4.81
241,32001,141,4.91
241,36001,141,5.3
241,40001,141,6.31
241,44001,141,9.25
241,48001,141,8.34
241,52001,141,8.14
241,56001,141,7.78
241,60001,141,7.43
241,64001,141,6.88
241,65535,141,6.49
241,1,161,6.24
241,4001,161,6.03
241,8001,161,7.53
241,12001,161,7.92
241,16001,161,6.59
241,20001,161,4.72
241,24001,161,4.58
241,28001,161,4.44
241,32001,161,4.68
241,36001,161,5.05
241,40001,161,6.06
241,44001,161,9.16
241,48001,161,7.26
241,52001,161,8.18
241,56001,161,8.27
241,60001,161,7.12
241,64001,161,6.38
241,65535,161,6.21
241,1,181,5.77
241,4001,181,7.03
241,8001,181,7.68
241,12001,181,6.94
241,16001,181,6.21
241,20001,181,5.11
241,24001,181,4.37
241,28001,181,4.23
241,32001,181,4.55
241,36001,181,5.56
241,40001,181,7.94
241,44001,181,7.09
241,48001,181,6.25
241,52001,181,8.13
241,56001,181,8.14
241,60001,181,6.91
241,64001,181,6.22
241,65535,181,5.81
241,1,201,5.66
241,4001,201,5.57
241,8001,201,6.75
241,12001,201,7.94
241,16001,201,6.01
241,20001,201,4.83
241,24001,201,4.23
241,28001,201,4.22
241,32001,201,4.83
241,36001,201,5.29
241,40001,201,8.32
241,44001,201,6.98
241,48001,201,6.83
241,52001,201,8.05
241,56001,201,7.03
241,60001,201,6.52
241,64001,201,6.01
241,65535,201,5.65
241,1,221,5.47
241,4001,221,5.96
241,8001,221,6.46
241,12001,221,7.94
241,16001,221,5.87
241,20001,221,4.59
241,24001,221,4.05
241,28001,221,4.21
241,32001,221,4.59
241,36001,221,5.33
241,40001,221,5.83
241,44001,221,7.54
241,48001,221,5.3
241,52001,221,7.24
241,56001,221,8.11
241,60001,221,5.86
241,64001,221,5.58
241,65535,221,5.52
241,1,241,5.39
241,4001,241,6.26
241,8001,241,7.1
241,12001,241,7.94
241,16001,241,5.68
241,20001,241,4.6
241,24001,241,4.03
241,28001,241,4.27
241,32001,241,4.52
241,36001,241,4.76
241,40001,241,5.89
241,44001,241,5.98
241,48001,241,5.83
241,52001,241,7.37
241,56001,241,8.12
241,60001,241,6.67
241,64001,241,5.81
241,65535,241,5.4
241,1,254,5.34
241,4001,254,5.36
241,8001,254,6.88
241,12001,254,6.26
241,16001,254,4.48
241,20001,254,4.24
241,24001,254,3.99
241,28001,254,4.0
241,32001,254,4.22
241,36001,254,4.82
241,40001,254,5.99
241,44001,254,5.34
241,48001,254,5.83
241,52001,254,6.32
241,56001,254,8.03
241,60001,254,6.66
241,64001,254,5.76
241,65535,254,5.34
255,1,1,10.48
255,4001,1,10.5
255,8001,1,10.52
255,12001,1,10.57
255,16001,1,10.6
255,20001,1,10.65
255,24001,1,10.66
255,28001,1,10.66
255,32001,1,10.65
255,36001,1,10.63
255,40001,1,10.6
255,44001,1,10.57
255,48001,1,10.57
255,52001,1,10.56
255,56001,1,10.52
255,60001,1,10.5
255,64001,1,10.51
255,65535,1,10.5
255,1,21,10.495
255,4001,21,9.74
255,8001,21,10.42
255,12001,21,10.65
255,16001,21,10.88
255,20001,21,10.61
255,24001,21,10.54
255,28001,21,10.52
255,32001,21,10.49
255,36001,21,10.49
255,40001,21,10.54
255,44001,21,10.67
255,48001,21,10.49
255,52001,21,9.94
255,56001,21,9.75
255,60001,21,9.62
255,64001,21,9.65
255,65535,21,9.62
255,1,41,9.42
255,4001,41,9.18
255,8001,41,9.54
255,12001,41,10.4
255,16001,41,10.5
255,20001,41,10.48
255,24001,41,10.45
255,28001,41,10.48
255,32001,41,10.5
255,36001,41,10.52
255,40001,41,10.55
255,44001,41,10.52
255,48001,41,10.41
255,52001,41,9.75
255,56001,41,9.26
255,60001,41,9.24
255,64001,41,9.22
255,65535,41,9.18
255,1,61,9.21
255,4001,61,9.23
255,8001,61,9.22
255,12001,61,9.54
255,16001,61,9.91
255,20001,61,10.37
255,24001,61,8.96
255,28001,61,8.98
255,32001,61,8.99
255,36001,61,9.31
255,40001,61,10.55
255,44001,61,10.53
255,48001,61,10.32
255,52001,61,9.57
255,56001,61,9.18
255,60001,61,9.26
255,64001,61,9.24
255,65535,61,9.28
255,1,81,9.99
255,4001,81,10.491
255,8001,81,9.21
255,12001,81,9.28
255,16001,81,9.69
255,20001,81,8.72
255,24001,81,8.0
255,28001,81,7.27
255,32001,81,7.51
255,36001,81,7.85
255,40001,81,9.66
255,44001,81,10.42
255,48001,81,9.92
255,52001,81,9.35
255,56001,81,9.28
255,60001,81,9.56
255,64001,81,9.84
255,65535,81,10.493
255,1,101,9.72
255,4001,101,9.72
255,8001,101,9.41
255,12001,101,9.32
255,16001,101,8.72
255,20001,101,6.85
255,24001,101,6.86
255,28001,101,6.53
255,32001,101,7.0
255,36001,101,8.42
255,40001,101,10.52
255,44001,101,10.41
255,48001,101,9.86
255,52001,101,9.39
255,56001,101,9.88
255,60001,101,10.29
255,64001,101,9.89
255,65535,101,9.91
255,1,121,9.38
255,4001,121,8.91
255,8001,121,10.491
255,12001,121,8.92
255,16001,121,7.93
255,20001,121,7.26
255,24001,121,6.11
255,28001,121,5.72
255,32001,121,6.05
255,36001,121,7.46
255,40001,121,9.01
255,44001,121,10.56
255,48001,121,10.64
255,52001,121,9.24
255,56001,121,9.82
255,60001,121,9.57
255,64001,121,9.3
255,65535,121,9.04
255,1,141,8.67
255,4001,141,9.31
255,8001,141,9.8
255,12001,141,8.68
255,16001,141,7.97
255,20001,141,6.6
255,24001,141,5.6
255,28001,141,5.33
255,32001,141,5.57
255,36001,141,6.68
255,40001,141,8.29
255,44001,141,8.94
255,48001,141,9.42
255,52001,141,9.72
255,56001,141,9.83
255,60001,141,9.16
255,64001,141,8.66
255,65535,141,8.38
255,1,161,8.02
255,4001,161,8.0
255,8001,161,9.5
255,12001,161,8.54
255,16001,161,7.57
255,20001,161,6.14
255,24001,161,5.26
255,28001,161,5.04
255,32001,161,5.53
255,36001,161,6.87
255,40001,161,8.88
255,44001,161,8.15
255,48001,161,9.29
255,52001,161,10.53
255,56001,161,9.84
255,60001,161,9.14
255,64001,161,8.47
255,65535,161,8.08
255,1,181,7.86
255,4001,181,7.7
255,8001,181,9.14
255,12001,181,9.55
255,16001,181,7.21
255,20001,181,5.84
255,24001,181,4.92
255,28001,181,5.0
255,32001,181,5.08
255,36001,181,6.13
255,40001,181,8.79
255,44001,181,9.08
255,48001,181,8.37
255,52001,181,9.92
255,56001,181,8.91
255,60001,181,8.55
255,64001,181,8.2
255,65535,181,7.81
255,1,201,7.72
255,4001,201,7.52
255,8001,201,8.75
255,12001,201,9.67
255,16001,201,6.98
255,20001,201,5.59
255,24001,201,4.82
255,28001,201,4.98
255,32001,201,5.44
255,36001,201,6.01
255,40001,201,6.59
255,44001,201,9.6
255,48001,201,6.59
255,52001,201,9.44
255,56001,201,10.3
255,60001,201,8.74
255,64001,201,7.9
255,65535,201,7.7
255,1,221,7.43
255,4001,221,8.27
255,8001,221,9.02
255,12001,221,9.77
255,16001,221,6.77
255,20001,221,5.38
255,24001,221,4.74
255,28001,221,4.8
255,32001,221,5.12
255,36001,221,6.04
255,40001,221,7.65
255,44001,221,8.66
255,48001,221,6.13
255,52001,221,8.42
255,56001,221,10.4
255,60001,221,8.28
255,64001,221,7.85
255,65535,221,7.45
255,1,241,7.42
255,4001,241,7.34
255,8001,241,8.22
255,12001,241,9.85
255,16001,241,6.62
255,20001,241,5.21
255,24001,241,4.66
255,28001,241,4.66
255,32001,241,5.34
255,36001,241,6.04
255,40001,241,6.73
255,44001,241,8.01
255,48001,241,5.88
255,52001,241,7.7
255,56001,241,10.17
255,60001,241,8.68
255,64001,241,7.75
255,65535,241,7.37
255,1,254,7.32
255,4001,254,7.29
255,8001,254,9.05
255,12001,254,8.21
255,16001,254,5.83
255,20001,254,4.9
255,24001,254,4.64
255,28001,254,4.55
255,32001,254,4.88
255,36001,254,5.79
255,40001,254,6.87
255,44001,254,6.22
255,48001,254,6.8
255,52001,254,10.494
255,56001,254,9.36
255,60001,254,8.7
255,64001,254,7.68
255,65535,254,7.3
