bri,hue,sat,watt
1,1,1,0.76
1,2732,1,0.71
1,5463,1,0.71
1,8194,1,0.81
1,10925,1,0.72
1,13656,1,0.72
1,16387,1,0.72
1,19118,1,0.71
1,21849,1,0.72
1,24580,1,0.67
1,27311,1,0.62
1,30042,1,0.72
1,32773,1,0.67
1,35504,1,0.72
1,38235,1,0.67
1,40966,1,0.62
1,43697,1,0.71
1,46428,1,0.72
1,49159,1,0.67
1,51890,1,0.67
1,54621,1,0.76
1,57352,1,0.72
1,60083,1,0.66
1,62814,1,0.72
1,65535,1,0.72
1,1,33,0.62
1,2732,33,0.72
1,5463,33,0.66
1,8194,33,0.72
1,10925,33,0.67
1,13656,33,0.71
1,16387,33,0.72
1,19118,33,0.76
1,21849,33,0.62
1,24580,33,0.81
1,27311,33,0.71
1,30042,33,0.81
1,32773,33,0.76
1,35504,33,0.76
1,38235,33,0.81
1,40966,33,0.76
1,43697,33,0.76
1,46428,33,0.71
1,49159,33,0.8
1,51890,33,0.71
1,54621,33,0.71
1,57352,33,0.71
1,60083,33,0.71
1,62814,33,0.71
1,65535,33,0.76
1,1,65,0.81
1,2732,65,0.71
1,5463,65,0.71
1,8194,65,0.71
1,10925,65,0.76
1,13656,65,0.71
1,16387,65,0.72
1,19118,65,0.71
1,21849,65,0.67
1,24580,65,0.67
1,27311,65,0.62
1,30042,65,0.67
1,32773,65,0.72
1,35504,65,0.67
1,38235,65,0.62
1,40966,65,0.72
1,43697,65,0.72
1,46428,65,0.67
1,49159,65,0.67
1,51890,65,0.67
1,54621,65,0.62
1,57352,65,0.67
1,60083,65,0.67
1,62814,65,0.57
1,65535,65,0.62
1,1,97,0.62
1,2732,97,0.62
1,5463,97,0.67
1,8194,97,0.57
1,10925,97,0.57
1,13656,97,0.67
1,16387,97,0.62
1,19118,97,0.62
1,21849,97,0.67
1,24580,97,0.67
1,27311,97,0.67
1,30042,97,0.67
1,32773,97,0.72
1,35504,97,0.72
1,38235,97,0.67
1,40966,97,0.72
1,43697,97,0.62
1,46428,97,0.62
1,49159,97,0.57
1,51890,97,0.72
1,54621,97,0.62
1,57352,97,0.72
1,60083,97,0.62
1,62814,97,0.67
1,65535,97,0.62
1,1,129,0.62
1,2732,129,0.62
1,5463,129,0.67
1,8194,129,0.62
1,10925,129,0.72
1,13656,129,0.67
1,16387,129,0.62
1,19118,129,0.72
1,21849,129,0.62
1,24580,129,0.57
1,27311,129,0.62
1,30042,129,0.67
1,32773,129,0.76
1,35504,129,0.72
1,38235,129,0.67
1,40966,129,0.72
1,43697,129,0.72
1,46428,129,0.85
1,49159,129,0.8
1,51890,129,0.8
1,54621,129,0.8
1,57352,129,0.76
1,60083,129,0.75
1,62814,129,0.8
1,65535,129,0.8
1,1,161,0.85
1,2732,161,0.85
1,5463,161,0.85
1,8194,161,0.8
1,10925,161,0.71
1,13656,161,0.76
1,16387,161,0.76
1,19118,161,0.81
1,21849,161,0.81
1,24580,161,0.76
1,27311,161,0.76
1,30042,161,0.81
1,32773,161,0.76
1,35504,161,0.8
1,38235,161,0.8
1,40966,161,0.85
1,43697,161,0.8
1,46428,161,0.8
1,49159,161,0.85
1,51890,161,0.8
1,54621,161,0.8
1,57352,161,0.85
1,60083,161,0.85
1,62814,161,0.8
1,65535,161,0.85
1,1,193,0.8
1,2732,193,0.8
1,5463,193,0.76
1,8194,193,0.81
1,10925,193,0.8
1,13656,193,0.8
1,16387,193,0.8
1,19118,193,0.76
1,21849,193,0.8
1,24580,193,0.8
1,27311,193,0.8
1,30042,193,0.71
1,32773,193,0.8
1,35504,193,0.8
1,38235,193,0.8
1,40966,193,0.8
1,43697,193,0.81
1,46428,193,0.81
1,49159,193,0.8
1,51890,193,0.75
1,54621,193,0.8
1,57352,193,0.85
1,60083,193,0.8
1,62814,193,0.8
1,65535,193,0.76
1,1,225,0.8
1,2732,225,0.8
1,5463,225,0.81
1,8194,225,0.71
1,10925,225,0.71
1,13656,225,0.71
1,16387,225,0.76
1,19118,225,0.76
1,21849,225,0.71
1,24580,225,0.67
1,27311,225,0.67
1,30042,225,0.62
1,32773,225,0.67
1,35504,225,0.67
1,38235,225,0.72
1,40966,225,0.62
1,43697,225,0.72
1,46428,225,0.62
1,49159,225,0.62
1,51890,225,0.62
1,54621,225,0.72
1,57352,225,0.72
1,60083,225,0.67
1,62814,225,0.72
1,65535,225,0.67
1,1,255,0.62
1,2732,255,0.67
1,5463,255,0.72
1,8194,255,0.72
1,10925,255,0.62
1,13656,255,0.67
1,16387,255,0.67
1,19118,255,0.62
1,21849,255,0.72
1,24580,255,0.67
1,27311,255,0.72
1,30042,255,0.67
1,32773,255,0.67
1,35504,255,0.72
1,38235,255,0.67
1,40966,255,0.62
1,43697,255,0.62
1,46428,255,0.62
1,49159,255,0.62
1,51890,255,0.63
1,54621,255,0.57
1,57352,255,0.63
1,60083,255,0.67
1,62814,255,0.62
1,65535,255,0.67
33,1,1,1.02
33,2732,1,1.02
33,5463,1,1.02
33,8194,1,1.02
33,10925,1,1.02
33,13656,1,1.07
33,16387,1,1.02
33,19118,1,1.02
33,21849,1,0.97
33,24580,1,0.97
33,27311,1,0.97
33,30042,1,1.02
33,32773,1,1.16
33,35504,1,1.24
33,38235,1,1.19
33,40966,1,1.19
33,43697,1,1.2
33,46428,1,1.24
33,49159,1,1.25
33,51890,1,1.19
33,54621,1,1.2
33,57352,1,1.19
33,60083,1,1.19
33,62814,1,1.19
33,65535,1,1.11
33,1,33,1.15
33,2732,33,1.1
33,5463,33,1.06
33,8194,33,1.16
33,10925,33,1.11
33,13656,33,1.11
33,16387,33,1.2
33,19118,33,1.15
33,21849,33,1.15
33,24580,33,1.11
33,27311,33,1.1
33,30042,33,1.1
33,32773,33,1.15
33,35504,33,1.2
33,38235,33,1.15
33,40966,33,1.15
33,43697,33,1.1
33,46428,33,1.01
33,49159,33,1.15
33,51890,33,1.15
33,54621,33,1.15
33,57352,33,1.1
33,60083,33,1.15
33,62814,33,1.15
33,65535,33,1.2
33,1,65,1.14
33,2732,65,1.19
33,5463,65,1.19
33,8194,65,1.1
33,10925,65,1.11
33,13656,65,1.19
33,16387,65,1.2
33,19118,65,1.24
33,21849,65,1.1
33,24580,65,1.15
33,27311,65,1.15
33,30042,65,1.19
33,32773,65,1.1
33,35504,65,1.15
33,38235,65,1.1
33,40966,65,1.15
33,43697,65,1.14
33,46428,65,1.09
33,49159,65,1.15
33,51890,65,1.19
33,54621,65,1.28
33,57352,65,1.19
33,60083,65,1.23
33,62814,65,1.28
33,65535,65,1.23
33,1,97,1.28
33,2732,97,1.23
33,5463,97,1.28
33,8194,97,1.33
33,10925,97,1.33
33,13656,97,1.28
33,16387,97,1.28
33,19118,97,1.38
33,21849,97,1.33
33,24580,97,1.2
33,27311,97,1.19
33,30042,97,1.15
33,32773,97,1.1
33,35504,97,1.06
33,38235,97,1.01
33,40966,97,1.01
33,43697,97,1.01
33,46428,97,1.06
33,49159,97,1.01
33,51890,97,1.01
33,54621,97,1.02
33,57352,97,0.97
33,60083,97,1.02
33,62814,97,0.97
33,65535,97,1.02
33,1,129,0.97
33,2732,129,1.02
33,5463,129,1.02
33,8194,129,1.11
33,10925,129,1.11
33,13656,129,1.1
33,16387,129,1.11
33,19118,129,1.11
33,21849,129,1.16
33,24580,129,1.06
33,27311,129,1.01
33,30042,129,1.06
33,32773,129,1.01
33,35504,129,1.11
33,38235,129,1.01
33,40966,129,1.01
33,43697,129,0.96
33,46428,129,1.06
33,49159,129,1.01
33,51890,129,1.19
33,54621,129,1.06
33,57352,129,1.01
33,60083,129,1.06
33,62814,129,1.11
33,65535,129,1.11
33,1,161,1.11
33,2732,161,1.11
33,5463,161,1.11
33,8194,161,1.06
33,10925,161,1.11
33,13656,161,1.16
33,16387,161,1.2
33,19118,161,1.11
33,21849,161,1.11
33,24580,161,1.06
33,27311,161,1.06
33,30042,161,1.01
33,32773,161,1.06
33,35504,161,1.06
33,38235,161,1.01
33,40966,161,1.06
33,43697,161,1.01
33,46428,161,1.06
33,49159,161,1.06
33,51890,161,1.19
33,54621,161,1.19
33,57352,161,1.09
33,60083,161,1.14
33,62814,161,1.14
33,65535,161,1.14
33,1,193,1.09
33,2732,193,1.14
33,5463,193,1.19
33,8194,193,1.19
33,10925,193,1.19
33,13656,193,1.24
33,16387,193,1.24
33,19118,193,1.19
33,21849,193,1.09
33,24580,193,1.19
33,27311,193,1.05
33,30042,193,1.0
33,32773,193,1.05
33,35504,193,1.01
33,38235,193,1.06
33,40966,193,1.06
33,43697,193,1.06
33,46428,193,1.06
33,49159,193,1.01
33,51890,193,1.1
33,54621,193,1.05
33,57352,193,1.05
33,60083,193,1.05
33,62814,193,1.1
33,65535,193,1.05
33,1,225,1.05
33,2732,225,1.1
33,5463,225,0.97
33,8194,225,0.97
33,10925,225,0.92
33,13656,225,0.97
33,16387,225,0.92
33,19118,225,0.97
33,21849,225,0.92
33,24580,225,0.92
33,27311,225,0.92
33,30042,225,0.87
33,32773,225,0.91
33,35504,225,0.96
33,38235,225,1.01
33,40966,225,0.91
33,43697,225,0.91
33,46428,225,1.06
33,49159,225,1.01
33,51890,225,0.96
33,54621,225,0.96
33,57352,225,1.01
33,60083,225,0.96
33,62814,225,0.96
33,65535,225,1.01
33,1,255,0.82
33,2732,255,0.82
33,5463,255,0.82
33,8194,255,0.82
33,10925,255,0.82
33,13656,255,0.82
33,16387,255,0.82
33,19118,255,0.87
33,21849,255,0.87
33,24580,255,0.87
33,27311,255,0.82
33,30042,255,0.87
33,32773,255,0.82
33,35504,255,0.82
33,38235,255,0.72
33,40966,255,0.77
33,43697,255,0.82
33,46428,255,0.82
33,49159,255,0.82
33,51890,255,0.82
33,54621,255,0.87
33,57352,255,0.81
33,60083,255,0.91
33,62814,255,0.91
33,65535,255,0.91
65,1,1,2.01
65,2732,1,2.06
65,5463,1,2.06
65,8194,1,2.06
65,10925,1,2.06
65,13656,1,2.11
65,16387,1,2.01
65,19118,1,2.11
65,21849,1,2.06
65,24580,1,1.97
65,27311,1,1.97
65,30042,1,1.92
65,32773,1,1.97
65,35504,1,1.97
65,38235,1,2.02
65,40966,1,2.02
65,43697,1,1.97
65,46428,1,1.97
65,49159,1,1.97
65,51890,1,1.97
65,54621,1,1.97
65,57352,1,1.92
65,60083,1,1.92
65,62814,1,1.92
65,65535,1,1.97
65,1,33,1.82
65,2732,33,1.87
65,5463,33,1.92
65,8194,33,1.92
65,10925,33,2.11
65,13656,33,2.06
65,16387,33,2.1
65,19118,33,2.06
65,21849,33,2.06
65,24580,33,2.06
65,27311,33,2.01
65,30042,33,2.01
65,32773,33,1.92
65,35504,33,1.92
65,38235,33,1.92
65,40966,33,1.92
65,43697,33,1.82
65,46428,33,1.91
65,49159,33,1.82
65,51890,33,1.87
65,54621,33,1.91
65,57352,33,1.96
65,60083,33,2.01
65,62814,33,1.92
65,65535,33,1.87
65,1,65,1.82
65,2732,65,1.87
65,5463,65,1.92
65,8194,65,1.97
65,10925,65,2.11
65,13656,65,2.01
65,16387,65,2.06
65,19118,65,2.01
65,21849,65,2.01
65,24580,65,2.01
65,27311,65,2.01
65,30042,65,2.01
65,32773,65,2.01
65,35504,65,1.96
65,38235,65,1.91
65,40966,65,1.91
65,43697,65,1.91
65,46428,65,1.95
65,49159,65,1.9
65,51890,65,2.0
65,54621,65,2.0
65,57352,65,2.0
65,60083,65,2.0
65,62814,65,1.95
65,65535,65,1.96
65,1,97,1.91
65,2732,97,1.86
65,5463,97,2.0
65,8194,97,2.1
65,10925,97,2.1
65,13656,97,2.11
65,16387,97,2.01
65,19118,97,2.1
65,21849,97,2.01
65,24580,97,2.0
65,27311,97,2.0
65,30042,97,2.01
65,32773,97,1.96
65,35504,97,1.91
65,38235,97,1.91
65,40966,97,1.86
65,43697,97,1.86
65,46428,97,1.91
65,49159,97,1.86
65,51890,97,1.96
65,54621,97,1.91
65,57352,97,1.86
65,60083,97,1.82
65,62814,97,1.91
65,65535,97,1.91
65,1,129,1.9
65,2732,129,2.0
65,5463,129,2.0
65,8194,129,2.1
65,10925,129,2.1
65,13656,129,2.15
65,16387,129,2.1
65,19118,129,2.0
65,21849,129,2.0
65,24580,129,2.01
65,27311,129,1.96
65,30042,129,2.01
65,32773,129,2.01
65,35504,129,1.91
65,38235,129,1.82
65,40966,129,1.77
65,43697,129,1.82
65,46428,129,1.82
65,49159,129,1.82
65,51890,129,1.82
65,54621,129,1.77
65,57352,129,1.77
65,60083,129,1.81
65,62814,129,1.77
65,65535,129,1.87
65,1,161,1.77
65,2732,161,1.82
65,5463,161,1.82
65,8194,161,1.92
65,10925,161,1.92
65,13656,161,2.02
65,16387,161,1.92
65,19118,161,1.92
65,21849,161,1.82
65,24580,161,1.77
65,27311,161,1.77
65,30042,161,1.91
65,32773,161,1.86
65,35504,161,1.86
65,38235,161,1.86
65,40966,161,1.81
65,43697,161,1.81
65,46428,161,1.96
65,49159,161,1.86
65,51890,161,1.76
65,54621,161,1.76
65,57352,161,1.81
65,60083,161,1.77
65,62814,161,1.77
65,65535,161,1.77
65,1,193,1.82
65,2732,193,1.72
65,5463,193,1.87
65,8194,193,1.82
65,10925,193,1.87
65,13656,193,1.87
65,16387,193,1.92
65,19118,193,1.82
65,21849,193,1.77
65,24580,193,1.67
65,27311,193,1.67
65,30042,193,1.72
65,32773,193,1.67
65,35504,193,1.62
65,38235,193,1.66
65,40966,193,1.66
65,43697,193,1.75
65,46428,193,1.95
65,49159,193,1.76
65,51890,193,1.75
65,54621,193,1.7
65,57352,193,1.7
65,60083,193,1.75
65,62814,193,1.76
65,65535,193,1.75
65,1,225,1.65
65,2732,225,1.86
65,5463,225,1.8
65,8194,225,1.8
65,10925,225,1.85
65,13656,225,1.76
65,16387,225,1.76
65,19118,225,1.81
65,21849,225,1.71
65,24580,225,1.62
65,27311,225,1.61
65,30042,225,1.52
65,32773,225,1.47
65,35504,225,1.47
65,38235,225,1.42
65,40966,225,1.42
65,43697,225,1.42
65,46428,225,1.72
65,49159,225,1.62
65,51890,225,1.52
65,54621,225,1.47
65,57352,225,1.52
65,60083,225,1.52
65,62814,225,1.52
65,65535,225,1.52
65,1,255,1.32
65,2732,255,1.36
65,5463,255,1.41
65,8194,255,1.46
65,10925,255,1.46
65,13656,255,1.46
65,16387,255,1.46
65,19118,255,1.46
65,21849,255,1.51
65,24580,255,1.46
65,27311,255,1.42
65,30042,255,1.32
65,32773,255,1.32
65,35504,255,1.22
65,38235,255,1.12
65,40966,255,1.12
65,43697,255,1.12
65,46428,255,1.32
65,49159,255,1.27
65,51890,255,1.17
65,54621,255,1.22
65,57352,255,1.22
65,60083,255,1.32
65,62814,255,1.22
65,65535,255,1.22
97,1,1,3.62
97,2732,1,3.62
97,5463,1,3.62
97,8194,1,3.61
97,10925,1,3.71
97,13656,1,3.71
97,16387,1,3.71
97,19118,1,3.76
97,21849,1,3.76
97,24580,1,3.71
97,27311,1,3.57
97,30042,1,3.57
97,32773,1,3.52
97,35504,1,3.57
97,38235,1,3.52
97,40966,1,3.62
97,43697,1,3.57
97,46428,1,3.52
97,49159,1,3.52
97,51890,1,3.57
97,54621,1,3.52
97,57352,1,3.52
97,60083,1,3.57
97,62814,1,3.52
97,65535,1,3.57
97,1,33,3.36
97,2732,33,3.36
97,5463,33,3.42
97,8194,33,3.62
97,10925,33,3.67
97,13656,33,3.62
97,16387,33,3.67
97,19118,33,3.61
97,21849,33,3.57
97,24580,33,3.52
97,27311,33,3.51
97,30042,33,3.52
97,32773,33,3.51
97,35504,33,3.47
97,38235,33,3.42
97,40966,33,3.37
97,43697,33,3.22
97,46428,33,3.27
97,49159,33,3.32
97,51890,33,3.28
97,54621,33,3.23
97,57352,33,3.32
97,60083,33,3.28
97,62814,33,3.32
97,65535,33,3.27
97,1,65,3.18
97,2732,65,3.23
97,5463,65,3.28
97,8194,65,3.48
97,10925,65,3.48
97,13656,65,3.57
97,16387,65,3.62
97,19118,65,3.47
97,21849,65,3.42
97,24580,65,3.42
97,27311,65,3.42
97,30042,65,3.33
97,32773,65,3.33
97,35504,65,3.32
97,38235,65,3.22
97,40966,65,3.22
97,43697,65,3.13
97,46428,65,3.32
97,49159,65,3.18
97,51890,65,3.23
97,54621,65,3.32
97,57352,65,3.32
97,60083,65,3.32
97,62814,65,3.27
97,65535,65,3.27
97,1,97,3.22
97,2732,97,3.13
97,5463,97,3.23
97,8194,97,3.42
97,10925,97,3.53
97,13656,97,3.47
97,16387,97,3.52
97,19118,97,3.42
97,21849,97,3.42
97,24580,97,3.33
97,27311,97,3.33
97,30042,97,3.38
97,32773,97,3.33
97,35504,97,3.42
97,38235,97,3.37
97,40966,97,3.22
97,43697,97,3.27
97,46428,97,3.27
97,49159,97,3.27
97,51890,97,3.27
97,54621,97,3.32
97,57352,97,3.32
97,60083,97,3.32
97,62814,97,3.27
97,65535,97,3.32
97,1,129,3.17
97,2732,129,3.18
97,5463,129,3.13
97,8194,129,3.48
97,10925,129,3.53
97,13656,129,3.53
97,16387,129,3.53
97,19118,129,3.43
97,21849,129,3.38
97,24580,129,3.23
97,27311,129,3.33
97,30042,129,3.33
97,32773,129,3.33
97,35504,129,3.23
97,38235,129,3.23
97,40966,129,3.13
97,43697,129,3.08
97,46428,129,3.13
97,49159,129,3.13
97,51890,129,3.08
97,54621,129,3.03
97,57352,129,3.08
97,60083,129,3.22
97,62814,129,3.22
97,65535,129,3.22
97,1,161,3.02
97,2732,161,3.32
97,5463,161,3.22
97,8194,161,3.51
97,10925,161,3.57
97,13656,161,3.57
97,16387,161,3.48
97,19118,161,3.33
97,21849,161,3.23
97,24580,161,3.08
97,27311,161,3.08
97,30042,161,3.23
97,32773,161,3.08
97,35504,161,3.03
97,38235,161,3.08
97,40966,161,2.93
97,43697,161,2.93
97,46428,161,3.13
97,49159,161,2.98
97,51890,161,2.83
97,54621,161,2.97
97,57352,161,2.93
97,60083,161,2.93
97,62814,161,2.98
97,65535,161,3.03
97,1,193,2.82
97,2732,193,3.17
97,5463,193,3.22
97,8194,193,3.27
97,10925,193,3.32
97,13656,193,3.37
97,16387,193,3.46
97,19118,193,3.5
97,21849,193,3.35
97,24580,193,3.1
97,27311,193,3.1
97,30042,193,3.06
97,32773,193,3.05
97,35504,193,2.91
97,38235,193,2.91
97,40966,193,2.91
97,43697,193,2.9
97,46428,193,3.35
97,49159,193,3.05
97,51890,193,2.99
97,54621,193,3.0
97,57352,193,2.9
97,60083,193,3.0
97,62814,193,3.0
97,65535,193,3.04
97,1,225,2.7
97,2732,225,3.11
97,5463,225,3.11
97,8194,225,3.02
97,10925,225,3.06
97,13656,225,3.01
97,16387,225,3.02
97,19118,225,3.02
97,21849,225,2.96
97,24580,225,2.77
97,27311,225,2.67
97,30042,225,2.62
97,32773,225,2.52
97,35504,225,2.46
97,38235,225,2.41
97,40966,225,2.41
97,43697,225,2.46
97,46428,225,2.91
97,49159,225,2.67
97,51890,225,2.52
97,54621,225,2.52
97,57352,225,2.47
97,60083,225,2.51
97,62814,225,2.42
97,65535,225,2.47
97,1,255,2.02
97,2732,255,2.12
97,5463,255,2.12
97,8194,255,2.26
97,10925,255,2.22
97,13656,255,2.27
97,16387,255,2.31
97,19118,255,2.31
97,21849,255,2.41
97,24580,255,2.41
97,27311,255,2.35
97,30042,255,2.25
97,32773,255,2.15
97,35504,255,2.05
97,38235,255,2.0
97,40966,255,1.9
97,43697,255,1.81
97,46428,255,2.21
97,49159,255,2.11
97,51890,255,2.01
97,54621,255,2.06
97,57352,255,2.01
97,60083,255,2.06
97,62814,255,2.11
97,65535,255,2.16
129,1,1,5.91
129,2732,1,5.91
129,5463,1,5.91
129,8194,1,5.96
129,10925,1,6.01
129,13656,1,5.96
129,16387,1,5.92
129,19118,1,5.92
129,21849,1,6.06
129,24580,1,6.1
129,27311,1,6.0
129,30042,1,6.01
129,32773,1,6.1
129,35504,1,6.01
129,38235,1,6.0
129,40966,1,6.0
129,43697,1,6.0
129,46428,1,5.96
129,49159,1,5.96
129,51890,1,6.01
129,54621,1,5.87
129,57352,1,5.86
129,60083,1,5.87
129,62814,1,5.92
129,65535,1,5.92
129,1,33,5.37
129,2732,33,5.42
129,5463,33,5.62
129,8194,33,5.91
129,10925,33,5.92
129,13656,33,6.01
129,16387,33,5.87
129,19118,33,5.82
129,21849,33,5.82
129,24580,33,5.62
129,27311,33,5.62
129,30042,33,5.71
129,32773,33,5.81
129,35504,33,5.71
129,38235,33,5.66
129,40966,33,5.61
129,43697,33,5.31
129,46428,33,5.41
129,49159,33,5.37
129,51890,33,5.41
129,54621,33,5.41
129,57352,33,5.46
129,60083,33,5.56
129,62814,33,5.42
129,65535,33,5.37
129,1,65,5.32
129,2732,65,5.27
129,5463,65,5.37
129,8194,65,5.82
129,10925,65,5.87
129,13656,65,5.77
129,16387,65,5.77
129,19118,65,5.72
129,21849,65,5.67
129,24580,65,5.72
129,27311,65,5.62
129,30042,65,5.67
129,32773,65,5.57
129,35504,65,5.42
129,38235,65,5.22
129,40966,65,5.07
129,43697,65,5.31
129,46428,65,5.31
129,49159,65,5.46
129,51890,65,5.46
129,54621,65,5.51
129,57352,65,5.56
129,60083,65,5.51
129,62814,65,5.46
129,65535,65,5.41
129,1,97,5.31
129,2732,97,5.26
129,5463,97,5.46
129,8194,97,5.81
129,10925,97,5.91
129,13656,97,5.91
129,16387,97,5.86
129,19118,97,5.72
129,21849,97,5.62
129,24580,97,5.52
129,27311,97,5.57
129,30042,97,5.57
129,32773,97,5.52
129,35504,97,5.37
129,38235,97,5.32
129,40966,97,5.22
129,43697,97,5.31
129,46428,97,5.32
129,49159,97,5.22
129,51890,97,5.32
129,54621,97,5.32
129,57352,97,5.32
129,60083,97,5.27
129,62814,97,5.22
129,65535,97,5.22
129,1,129,5.12
129,2732,129,5.22
129,5463,129,5.22
129,8194,129,5.82
129,10925,129,5.92
129,13656,129,6.06
129,16387,129,5.96
129,19118,129,5.81
129,21849,129,5.66
129,24580,129,5.46
129,27311,129,5.52
129,30042,129,5.71
129,32773,129,5.71
129,35504,129,5.51
129,38235,129,5.41
129,40966,129,5.26
129,43697,129,5.11
129,46428,129,5.31
129,49159,129,5.17
129,51890,129,5.12
129,54621,129,5.07
129,57352,129,5.02
129,60083,129,5.17
129,62814,129,5.27
129,65535,129,5.17
129,1,161,4.92
129,2732,161,5.22
129,5463,161,5.22
129,8194,161,5.22
129,10925,161,5.82
129,13656,161,5.92
129,16387,161,5.72
129,19118,161,5.62
129,21849,161,5.37
129,24580,161,5.17
129,27311,161,5.22
129,30042,161,5.32
129,32773,161,5.22
129,35504,161,5.12
129,38235,161,5.06
129,40966,161,4.96
129,43697,161,4.91
129,46428,161,5.31
129,49159,161,5.06
129,51890,161,4.91
129,54621,161,4.81
129,57352,161,4.96
129,60083,161,5.01
129,62814,161,5.06
129,65535,161,5.01
129,1,193,4.47
129,2732,193,5.12
129,5463,193,5.22
129,8194,193,5.32
129,10925,193,5.32
129,13656,193,5.43
129,16387,193,5.43
129,19118,193,5.37
129,21849,193,5.03
129,24580,193,4.67
129,27311,193,4.92
129,30042,193,4.67
129,32773,193,4.62
129,35504,193,4.52
129,38235,193,4.42
129,40966,193,4.42
129,43697,193,4.47
129,46428,193,5.17
129,49159,193,4.66
129,51890,193,4.56
129,54621,193,4.46
129,57352,193,4.56
129,60083,193,4.56
129,62814,193,4.61
129,65535,193,4.52
129,1,225,3.96
129,2732,225,4.92
129,5463,225,4.78
129,8194,225,4.82
129,10925,225,4.83
129,13656,225,4.82
129,16387,225,4.78
129,19118,225,4.82
129,21849,225,4.63
129,24580,225,4.32
129,27311,225,4.18
129,30042,225,3.97
129,32773,225,3.83
129,35504,225,3.63
129,38235,225,3.62
129,40966,225,3.62
129,43697,225,3.72
129,46428,225,4.61
129,49159,225,4.31
129,51890,225,4.11
129,54621,225,3.96
129,57352,225,3.96
129,60083,225,3.91
129,62814,225,4.01
129,65535,225,4.01
129,1,255,3.31
129,2732,255,3.31
129,5463,255,3.31
129,8194,255,3.41
129,10925,255,3.41
129,13656,255,3.37
129,16387,255,3.47
129,19118,255,3.52
129,21849,255,3.62
129,24580,255,3.67
129,27311,255,3.47
129,30042,255,3.27
129,32773,255,3.12
129,35504,255,2.87
129,38235,255,2.72
129,40966,255,2.71
129,43697,255,2.67
129,46428,255,3.37
129,49159,255,3.17
129,51890,255,3.02
129,54621,255,2.97
129,57352,255,3.02
129,60083,255,3.07
129,62814,255,3.22
129,65535,255,3.31
161,1,1,8.91
161,2732,1,8.86
161,5463,1,8.9
161,8194,1,8.91
161,10925,1,8.96
161,13656,1,9.05
161,16387,1,9.13
161,19118,1,9.18
161,21849,1,9.09
161,24580,1,9.09
161,27311,1,9.14
161,30042,1,9.09
161,32773,1,9.04
161,35504,1,9.09
161,38235,1,8.99
161,40966,1,8.96
161,43697,1,8.82
161,46428,1,8.82
161,49159,1,8.81
161,51890,1,8.86
161,54621,1,8.72
161,57352,1,8.77
161,60083,1,8.82
161,62814,1,8.82
161,65535,1,8.81
161,1,33,8.25
161,2732,33,8.1
161,5463,33,8.45
161,8194,33,8.9
161,10925,33,9.05
161,13656,33,9.0
161,16387,33,8.99
161,19118,33,8.89
161,21849,33,8.8
161,24580,33,8.6
161,27311,33,8.65
161,30042,33,8.65
161,32773,33,8.6
161,35504,33,8.51
161,38235,33,8.46
161,40966,33,8.22
161,43697,33,7.87
161,46428,33,7.97
161,49159,33,7.97
161,51890,33,8.07
161,54621,33,8.12
161,57352,33,8.12
161,60083,33,8.17
161,62814,33,8.12
161,65535,33,8.07
161,1,65,7.97
161,2732,65,7.92
161,5463,65,7.97
161,8194,65,8.67
161,10925,65,8.82
161,13656,65,8.67
161,16387,65,8.57
161,19118,65,8.62
161,21849,65,8.57
161,24580,65,8.52
161,27311,65,8.42
161,30042,65,8.42
161,32773,65,8.36
161,35504,65,8.21
161,38235,65,7.91
161,40966,65,7.66
161,43697,65,7.86
161,46428,65,7.92
161,49159,65,8.01
161,51890,65,8.11
161,54621,65,8.16
161,57352,65,8.26
161,60083,65,8.26
161,62814,65,8.11
161,65535,65,8.01
161,1,97,7.91
161,2732,97,7.81
161,5463,97,8.11
161,8194,97,8.48
161,10925,97,8.73
161,13656,97,8.68
161,16387,97,8.63
161,19118,97,8.58
161,21849,97,8.43
161,24580,97,8.23
161,27311,97,8.33
161,30042,97,8.38
161,32773,97,8.23
161,35504,97,8.03
161,38235,97,7.93
161,40966,97,7.68
161,43697,97,7.63
161,46428,97,7.87
161,49159,97,7.87
161,51890,97,7.97
161,54621,97,7.92
161,57352,97,8.02
161,60083,97,7.92
161,62814,97,7.82
161,65535,97,7.82
161,1,129,7.77
161,2732,129,7.82
161,5463,129,7.86
161,8194,129,8.71
161,10925,129,8.96
161,13656,129,8.91
161,16387,129,8.81
161,19118,129,8.61
161,21849,129,8.41
161,24580,129,8.11
161,27311,129,8.21
161,30042,129,8.36
161,32773,129,8.41
161,35504,129,8.21
161,38235,129,8.01
161,40966,129,7.76
161,43697,129,7.61
161,46428,129,7.87
161,49159,129,7.82
161,51890,129,7.62
161,54621,129,7.62
161,57352,129,7.52
161,60083,129,7.72
161,62814,129,7.82
161,65535,129,7.77
161,1,161,7.47
161,2732,161,7.92
161,5463,161,7.82
161,8194,161,8.47
161,10925,161,8.67
161,13656,161,8.91
161,16387,161,8.72
161,19118,161,8.42
161,21849,161,8.12
161,24580,161,7.62
161,27311,161,7.77
161,30042,161,8.02
161,32773,161,7.72
161,35504,161,7.62
161,38235,161,7.51
161,40966,161,7.31
161,43697,161,7.36
161,46428,161,7.96
161,49159,161,7.51
161,51890,161,7.26
161,54621,161,7.21
161,57352,161,7.35
161,60083,161,7.45
161,62814,161,7.6
161,65535,161,7.51
161,1,193,6.85
161,2732,193,7.66
161,5463,193,7.91
161,8194,193,7.87
161,10925,193,8.11
161,13656,193,8.22
161,16387,193,8.22
161,19118,193,8.21
161,21849,193,7.67
161,24580,193,7.12
161,27311,193,7.32
161,30042,193,7.17
161,32773,193,6.97
161,35504,193,6.72
161,38235,193,6.57
161,40966,193,6.57
161,43697,193,6.57
161,46428,193,7.87
161,49159,193,6.92
161,51890,193,6.67
161,54621,193,6.66
161,57352,193,6.76
161,60083,193,6.81
161,62814,193,6.91
161,65535,193,6.81
161,1,225,5.81
161,2732,225,7.41
161,5463,225,7.41
161,8194,225,7.36
161,10925,225,7.26
161,13656,225,7.26
161,16387,225,7.31
161,19118,225,7.31
161,21849,225,6.97
161,24580,225,6.42
161,27311,225,6.32
161,30042,225,5.93
161,32773,225,5.67
161,35504,225,5.43
161,38235,225,5.28
161,40966,225,5.32
161,43697,225,5.42
161,46428,225,6.83
161,49159,225,6.22
161,51890,225,5.82
161,54621,225,5.72
161,57352,225,5.62
161,60083,225,5.67
161,62814,225,5.77
161,65535,225,5.77
161,1,255,4.58
161,2732,255,4.58
161,5463,255,4.72
161,8194,255,4.82
161,10925,255,4.87
161,13656,255,5.01
161,16387,255,5.12
161,19118,255,5.22
161,21849,255,5.36
161,24580,255,5.41
161,27311,255,5.11
161,30042,255,4.72
161,32773,255,4.47
161,35504,255,4.12
161,38235,255,3.92
161,40966,255,3.81
161,43697,255,3.63
161,46428,255,4.73
161,49159,255,4.48
161,51890,255,4.13
161,54621,255,4.13
161,57352,255,4.23
161,60083,255,4.33
161,62814,255,4.38
161,65535,255,4.58
193,1,1,12.23
193,2732,1,12.33
193,5463,1,12.32
193,8194,1,12.32
193,10925,1,12.42
193,13656,1,12.42
193,16387,1,12.47
193,19118,1,12.47
193,21849,1,12.47
193,24580,1,12.57
193,27311,1,12.42
193,30042,1,12.42
193,32773,1,12.51
193,35504,1,12.46
193,38235,1,12.46
193,40966,1,12.41
193,43697,1,12.41
193,46428,1,12.41
193,49159,1,12.36
193,51890,1,12.51
193,54621,1,12.41
193,57352,1,12.46
193,60083,1,12.41
193,62814,1,12.51
193,65535,1,12.51
193,1,33,11.27
193,2732,33,11.22
193,5463,33,11.62
193,8194,33,12.37
193,10925,33,12.57
193,13656,33,12.42
193,16387,33,12.37
193,19118,33,12.27
193,21849,33,12.17
193,24580,33,11.97
193,27311,33,11.92
193,30042,33,11.92
193,32773,33,11.87
193,35504,33,11.82
193,38235,33,11.77
193,40966,33,11.71
193,43697,33,10.92
193,46428,33,11.12
193,49159,33,11.22
193,51890,33,11.17
193,54621,33,11.36
193,57352,33,11.46
193,60083,33,11.46
193,62814,33,11.46
193,65535,33,11.31
193,1,65,11.35
193,2732,65,11.3
193,5463,65,11.2
193,8194,65,12.21
193,10925,65,12.41
193,13656,65,12.16
193,16387,65,12.16
193,19118,65,12.12
193,21849,65,12.12
193,24580,65,12.02
193,27311,65,11.97
193,30042,65,11.92
193,32773,65,11.76
193,35504,65,11.47
193,38235,65,11.07
193,40966,65,10.62
193,43697,65,10.92
193,46428,65,11.07
193,49159,65,11.22
193,51890,65,11.32
193,54621,65,11.52
193,57352,65,11.57
193,60083,65,11.52
193,62814,65,11.32
193,65535,65,11.26
193,1,97,11.11
193,2732,97,11.01
193,5463,97,11.41
193,8194,97,12.06
193,10925,97,12.41
193,13656,97,12.46
193,16387,97,12.36
193,19118,97,12.26
193,21849,97,12.02
193,24580,97,11.87
193,27311,97,11.87
193,30042,97,11.92
193,32773,97,11.82
193,35504,97,11.51
193,38235,97,11.41
193,40966,97,10.91
193,43697,97,10.91
193,46428,97,11.11
193,49159,97,11.11
193,51890,97,11.21
193,54621,97,11.31
193,57352,97,11.22
193,60083,97,11.32
193,62814,97,11.07
193,65535,97,11.07
193,1,129,10.97
193,2732,129,11.07
193,5463,129,10.92
193,8194,129,12.22
193,10925,129,12.52
193,13656,129,12.48
193,16387,129,12.47
193,19118,129,12.17
193,21849,129,11.82
193,24580,129,11.42
193,27311,129,11.57
193,30042,129,11.86
193,32773,129,11.87
193,35504,129,11.56
193,38235,129,11.16
193,40966,129,10.86
193,43697,129,10.61
193,46428,129,11.06
193,49159,129,10.96
193,51890,129,10.86
193,54621,129,10.72
193,57352,129,10.62
193,60083,129,10.96
193,62814,129,11.17
193,65535,129,10.92
193,1,161,10.56
193,2732,161,11.11
193,5463,161,11.06
193,8194,161,12.01
193,10925,161,12.31
193,13656,161,12.61
193,16387,161,12.31
193,19118,161,12.06
193,21849,161,11.56
193,24580,161,10.77
193,27311,161,11.02
193,30042,161,11.32
193,32773,161,10.92
193,35504,161,10.77
193,38235,161,10.42
193,40966,161,10.22
193,43697,161,10.12
193,46428,161,11.02
193,49159,161,10.61
193,51890,161,10.12
193,54621,161,10.12
193,57352,161,10.27
193,60083,161,10.47
193,62814,161,10.66
193,65535,161,10.52
193,1,193,9.52
193,2732,193,10.77
193,5463,193,11.07
193,8194,193,11.16
193,10925,193,11.5
193,13656,193,11.75
193,16387,193,11.8
193,19118,193,11.75
193,21849,193,11.15
193,24580,193,10.15
193,27311,193,10.59
193,30042,193,10.25
193,32773,193,9.99
193,35504,193,9.65
193,38235,193,9.5
193,40966,193,9.3
193,43697,193,9.44
193,46428,193,11.2
193,49159,193,9.86
193,51890,193,9.41
193,54621,193,9.27
193,57352,193,9.41
193,60083,193,9.51
193,62814,193,9.66
193,65535,193,9.61
193,1,225,8.16
193,2732,225,10.41
193,5463,225,10.41
193,8194,225,10.26
193,10925,225,10.21
193,13656,225,10.21
193,16387,225,10.22
193,19118,225,10.22
193,21849,225,10.01
193,24580,225,9.12
193,27311,225,8.82
193,30042,225,8.51
193,32773,225,8.06
193,35504,225,7.86
193,38235,225,7.6
193,40966,225,7.6
193,43697,225,7.75
193,46428,225,9.85
193,49159,225,8.95
193,51890,225,8.36
193,54621,225,8.15
193,57352,225,8.11
193,60083,225,8.1
193,62814,225,8.2
193,65535,225,8.21
193,1,255,6.56
193,2732,255,6.51
193,5463,255,6.61
193,8194,255,6.71
193,10925,255,6.86
193,13656,255,7.01
193,16387,255,7.16
193,19118,255,7.31
193,21849,255,7.51
193,24580,255,7.66
193,27311,255,7.11
193,30042,255,6.61
193,32773,255,6.25
193,35504,255,5.81
193,38235,255,5.46
193,40966,255,5.16
193,43697,255,5.07
193,46428,255,6.72
193,49159,255,6.22
193,51890,255,5.92
193,54621,255,5.92
193,57352,255,6.01
193,60083,255,6.17
193,62814,255,6.31
193,65535,255,6.57
225,1,1,16.71
225,2732,1,16.71
225,5463,1,16.76
225,8194,1,16.71
225,10925,1,16.72
225,13656,1,16.81
225,16387,1,16.82
225,19118,1,16.91
225,21849,1,16.86
225,24580,1,16.92
225,27311,1,16.77
225,30042,1,16.86
225,32773,1,16.72
225,35504,1,16.81
225,38235,1,16.77
225,40966,1,16.71
225,43697,1,16.62
225,46428,1,16.62
225,49159,1,16.62
225,51890,1,16.62
225,54621,1,16.66
225,57352,1,16.67
225,60083,1,16.62
225,62814,1,16.62
225,65535,1,16.66
225,1,33,15.07
225,2732,33,15.07
225,5463,33,15.66
225,8194,33,16.62
225,10925,33,17.0
225,13656,33,16.91
225,16387,33,16.76
225,19118,33,16.61
225,21849,33,16.5
225,24580,33,16.21
225,27311,33,16.11
225,30042,33,16.11
225,32773,33,16.11
225,35504,33,16.05
225,38235,33,15.9
225,40966,33,15.75
225,43697,33,14.8
225,46428,33,15.1
225,49159,33,15.2
225,51890,33,15.2
225,54621,33,15.3
225,57352,33,15.3
225,60083,33,15.4
225,62814,33,15.4
225,65535,33,15.3
225,1,65,15.11
225,2732,65,15.06
225,5463,65,14.91
225,8194,65,16.36
225,10925,65,16.72
225,13656,65,16.37
225,16387,65,16.42
225,19118,65,16.42
225,21849,65,16.32
225,24580,65,16.22
225,27311,65,16.22
225,30042,65,16.11
225,32773,65,15.82
225,35504,65,15.46
225,38235,65,14.91
225,40966,65,14.32
225,43697,65,14.71
225,46428,65,15.01
225,49159,65,15.16
225,51890,65,15.31
225,54621,65,15.51
225,57352,65,15.66
225,60083,65,15.61
225,62814,65,15.17
225,65535,65,15.16
225,1,97,14.96
225,2732,97,14.66
225,5463,97,15.25
225,8194,97,16.35
225,10925,97,16.98
225,13656,97,16.93
225,16387,97,16.89
225,19118,97,16.78
225,21849,97,16.54
225,24580,97,16.28
225,27311,97,16.33
225,30042,97,16.34
225,32773,97,16.14
225,35504,97,15.69
225,38235,97,15.39
225,40966,97,14.93
225,43697,97,14.74
225,46428,97,15.14
225,49159,97,15.29
225,51890,97,15.39
225,54621,97,15.44
225,57352,97,15.54
225,60083,97,15.54
225,62814,97,15.27
225,65535,97,15.27
225,1,129,15.22
225,2732,129,15.14
225,5463,129,14.89
225,8194,129,16.69
225,10925,129,17.1
225,13656,129,17.19
225,16387,129,17.0
225,19118,129,16.7
225,21849,129,16.65
225,24580,129,15.7
225,27311,129,15.85
225,30042,129,16.2
225,32773,129,16.15
225,35504,129,15.6
225,38235,129,15.15
225,40966,129,14.7
225,43697,129,14.2
225,46428,129,15.0
225,49159,129,14.94
225,51890,129,14.89
225,54621,129,14.79
225,57352,129,14.69
225,60083,129,15.09
225,62814,129,15.29
225,65535,129,15.09
225,1,161,14.43
225,2732,161,15.19
225,5463,161,14.98
225,8194,161,16.38
225,10925,161,16.74
225,13656,161,17.13
225,16387,161,17.09
225,19118,161,16.54
225,21849,161,15.87
225,24580,161,15.02
225,27311,161,15.37
225,30042,161,15.77
225,32773,161,15.28
225,35504,161,14.92
225,38235,161,14.47
225,40966,161,13.99
225,43697,161,13.7
225,46428,161,15.05
225,49159,161,14.4
225,51890,161,13.76
225,54621,161,13.71
225,57352,161,14.05
225,60083,161,14.26
225,62814,161,14.5
225,65535,161,14.36
225,1,193,13.01
225,2732,193,14.76
225,5463,193,15.01
225,8194,193,15.01
225,10925,193,15.41
225,13656,193,15.71
225,16387,193,15.86
225,19118,193,15.76
225,21849,193,15.05
225,24580,193,13.8
225,27311,193,14.3
225,30042,193,13.9
225,32773,193,13.45
225,35504,193,13.04
225,38235,193,12.69
225,40966,193,12.49
225,43697,193,12.59
225,46428,193,15.24
225,49159,193,13.49
225,51890,193,12.89
225,54621,193,12.89
225,57352,193,12.85
225,60083,193,13.05
225,62814,193,13.15
225,65535,193,13.1
225,1,225,11.06
225,2732,225,14.3
225,5463,225,14.3
225,8194,225,14.0
225,10925,225,13.9
225,13656,225,13.81
225,16387,225,13.81
225,19118,225,13.95
225,21849,225,13.61
225,24580,225,12.46
225,27311,225,12.11
225,30042,225,11.51
225,32773,225,11.0
225,35504,225,10.46
225,38235,225,10.25
225,40966,225,10.25
225,43697,225,10.3
225,46428,225,13.39
225,49159,225,12.0
225,51890,225,11.3
225,54621,225,11.05
225,57352,225,10.9
225,60083,225,11.04
225,62814,225,11.14
225,65535,225,11.19
225,1,255,8.81
225,2732,255,8.8
225,5463,255,8.81
225,8194,255,8.96
225,10925,255,9.11
225,13656,255,9.41
225,16387,255,9.6
225,19118,255,9.85
225,21849,255,10.06
225,24580,255,10.35
225,27311,255,9.6
225,30042,255,8.9
225,32773,255,8.4
225,35504,255,7.8
225,38235,255,7.3
225,40966,255,6.95
225,43697,255,6.95
225,46428,255,9.2
225,49159,255,8.5
225,51890,255,8.05
225,54621,255,7.95
225,57352,255,8.1
225,60083,255,8.38
225,62814,255,8.64
225,65535,255,8.89
255,1,1,21.59
255,2732,1,21.59
255,5463,1,21.69
255,8194,1,21.69
255,10925,1,21.74
255,13656,1,21.79
255,16387,1,21.79
255,19118,1,21.79
255,21849,1,21.89
255,24580,1,21.94
255,27311,1,21.89
255,30042,1,21.89
255,32773,1,21.79
255,35504,1,21.79
255,38235,1,21.74
255,40966,1,21.69
255,43697,1,21.68
255,46428,1,21.59
255,49159,1,21.59
255,51890,1,21.59
255,54621,1,21.59
255,57352,1,21.55
255,60083,1,21.46
255,62814,1,21.41
255,65535,1,21.46
255,1,33,19.12
255,2732,33,19.06
255,5463,33,19.91
255,8194,33,21.41
255,10925,33,21.81
255,13656,33,21.66
255,16387,33,21.51
255,19118,33,21.26
255,21849,33,21.2
255,24580,33,20.8
255,27311,33,20.7
255,30042,33,20.7
255,32773,33,20.6
255,35504,33,20.51
255,38235,33,20.21
255,40966,33,19.91
255,43697,33,18.71
255,46428,33,19.01
255,49159,33,19.16
255,51890,33,19.12
255,54621,33,19.31
255,57352,33,19.36
255,60083,33,19.42
255,62814,33,19.31
255,65535,33,19.12
255,1,65,19.21
255,2732,65,19.11
255,5463,65,18.87
255,8194,65,21.11
255,10925,65,21.42
255,13656,65,21.06
255,16387,65,21.16
255,19118,65,21.11
255,21849,65,21.2
255,24580,65,21.1
255,27311,65,21.1
255,30042,65,20.85
255,32773,65,20.4
255,35504,65,19.8
255,38235,65,19.09
255,40966,65,18.35
255,43697,65,18.79
255,46428,65,19.1
255,49159,65,19.44
255,51890,65,19.74
255,54621,65,19.99
255,57352,65,20.1
255,60083,65,20.01
255,62814,65,19.51
255,65535,65,19.26
255,1,97,19.21
255,2732,97,18.71
255,5463,97,19.31
255,8194,97,20.76
255,10925,97,21.61
255,13656,97,21.66
255,16387,97,21.56
255,19118,97,21.46
255,21849,97,21.21
255,24580,97,19.06
255,27311,97,19.41
255,30042,97,21.0
255,32773,97,20.61
255,35504,97,19.8
255,38235,97,19.4
255,40966,97,18.65
255,43697,97,18.5
255,46428,97,18.96
255,49159,97,19.38
255,51890,97,19.49
255,54621,97,19.69
255,57352,97,19.84
255,60083,97,19.79
255,62814,97,19.34
255,65535,97,19.29
255,1,129,18.96
255,2732,129,19.11
255,5463,129,18.66
255,8194,129,21.31
255,10925,129,21.91
255,13656,129,21.91
255,16387,129,21.76
255,19118,129,21.06
255,21849,129,18.46
255,24580,129,16.91
255,27311,129,17.11
255,30042,129,18.41
255,32773,129,20.76
255,35504,129,19.91
255,38235,129,19.11
255,40966,129,18.41
255,43697,129,17.95
255,46428,129,19.09
255,49159,129,18.94
255,51890,129,18.84
255,54621,129,18.7
255,57352,129,18.69
255,60083,129,18.99
255,62814,129,19.15
255,65535,129,19.0
255,1,161,15.46
255,2732,161,19.2
255,5463,161,18.8
255,8194,161,20.71
255,10925,161,21.41
255,13656,161,21.82
255,16387,161,21.52
255,19118,161,18.92
255,21849,161,16.82
255,24580,161,15.42
255,27311,161,15.52
255,30042,161,16.57
255,32773,161,18.07
255,35504,161,18.57
255,38235,161,17.97
255,40966,161,17.42
255,43697,161,17.12
255,46428,161,19.02
255,49159,161,18.12
255,51890,161,17.47
255,54621,161,17.47
255,57352,161,17.67
255,60083,161,17.92
255,62814,161,16.82
255,65535,161,15.41
255,1,193,13.16
255,2732,193,17.61
255,5463,193,19.01
255,8194,193,19.01
255,10925,193,19.61
255,13656,193,20.06
255,16387,193,20.31
255,19118,193,17.71
255,21849,193,15.81
255,24580,193,14.52
255,27311,193,14.56
255,30042,193,15.42
255,32773,193,16.52
255,35504,193,16.32
255,38235,193,15.87
255,40966,193,15.63
255,43697,193,15.58
255,46428,193,15.73
255,49159,193,16.92
255,51890,193,16.13
255,54621,193,16.13
255,57352,193,16.23
255,60083,193,15.43
255,62814,193,14.02
255,65535,193,13.03
255,1,225,11.54
255,2732,225,14.93
255,5463,225,18.23
255,8194,225,17.82
255,10925,225,17.53
255,13656,225,17.33
255,16387,225,17.43
255,19118,225,16.48
255,21849,225,14.88
255,24580,225,13.87
255,27311,225,13.72
255,30042,225,14.33
255,32773,225,13.64
255,35504,225,13.09
255,38235,225,12.77
255,40966,225,12.47
255,43697,225,12.78
255,46428,225,13.23
255,49159,225,15.13
255,51890,225,14.22
255,54621,225,13.83
255,57352,225,13.73
255,60083,225,13.42
255,62814,225,12.42
255,65535,225,11.62
255,1,255,10.77
255,2732,255,11.02
255,5463,255,11.17
255,8194,255,11.32
255,10925,255,11.52
255,13656,255,11.81
255,16387,255,11.97
255,19118,255,12.41
255,21849,255,12.81
255,24580,255,13.16
255,27311,255,12.16
255,30042,255,11.31
255,32773,255,10.46
255,35504,255,9.76
255,38235,255,8.97
255,40966,255,8.52
255,43697,255,8.47
255,46428,255,11.42
255,49159,255,10.52
255,51890,255,9.92
255,54621,255,9.82
255,57352,255,10.07
255,60083,255,10.32
255,62814,255,10.72
255,65535,255,10.72
