bri,mired,watt
1,153,5.2
1,163,7.3
1,173,7.35
1,183,7.7
1,193,8.05
1,203,8.45
1,213,9
1,223,9.45
1,233,9.15
1,243,8.75
1,253,8.3
1,263,8.05
1,273,7.85
1,283,7.6
1,293,7.35
1,303,7.4
1,313,5.4
1,323,5.3
1,333,5.25
6,153,5.45
6,163,7.6
6,173,7.6
6,183,7.95
6,193,8.2
6,203,8.75
6,213,9.35
6,223,9.75
6,233,9.4
6,243,9.1
6,253,8.6
6,263,8.3
6,273,8
6,283,7.8
6,293,7.55
6,303,7.5
6,313,5.5
6,323,5.55
6,333,5.55
11,153,5.65
11,163,7.85
11,173,7.9
11,183,8.1
11,193,8.7
11,203,9.1
11,213,9.85
11,223,10.35
11,233,10.05
11,243,9.5
11,253,8.85
11,263,8.7
11,273,8.35
11,283,8.15
11,293,8
11,303,7.8
11,313,5.75
11,323,5.8
11,333,5.8
16,153,5.9
16,163,8.05
16,173,8.1
16,183,8.45
16,193,9
16,203,9.55
16,213,10.4
16,223,10.9
16,233,10.5
16,243,9.95
16,253,9.35
16,263,9
16,273,8.75
16,283,8.5
16,293,8.2
16,303,8.1
16,313,6.05
16,323,6.05
16,333,6.05
21,153,6.15
21,163,8.3
21,173,8.35
21,183,8.95
21,193,9.4
21,203,10.1
21,213,10.8
21,223,11.5
21,233,11.15
21,243,10.5
21,253,9.6
21,263,9.4
21,273,9
21,283,8.85
21,293,8.55
21,303,8.4
21,313,6.4
21,323,6.3
21,333,6.3
26,153,6.55
26,163,8.7
26,173,8.7
26,183,9.15
26,193,9.8
26,203,10.55
26,213,11.3
26,223,12
26,233,11.55
26,243,10.85
26,253,10.05
26,263,9.6
26,273,9.4
26,283,9.1
26,293,8.8
26,303,8.65
26,313,6.55
26,323,6.55
26,333,6.5
31,153,6.8
31,163,9.15
31,173,9.05
31,183,9.6
31,193,10.15
31,203,11.05
31,213,11.95
31,223,12.65
31,233,12
31,243,11.2
31,253,10.45
31,263,10
31,273,9.85
31,283,9.55
31,293,9.15
31,303,8.95
31,313,6.9
31,323,6.8
31,333,6.85
36,153,7.15
36,163,9.4
36,173,9.45
36,183,9.9
36,193,10.5
36,203,11.4
36,213,12.3
36,223,13.3
36,233,12.65
36,243,11.9
36,253,11
36,263,10.5
36,273,10.1
36,283,9.85
36,293,9.55
36,303,9.4
36,313,7.25
36,323,7.2
36,333,7.2
41,153,7.4
41,163,9.65
41,173,9.75
41,183,10.25
41,193,11
41,203,12.05
41,213,12.9
41,223,13.75
41,233,13.25
41,243,12.3
41,253,11.4
41,263,10.9
41,273,10.4
41,283,10.2
41,293,9.85
41,303,9.65
41,313,7.55
41,323,7.5
41,333,7.6
46,153,7.65
46,163,10
46,173,10.05
46,183,10.55
46,193,11.4
46,203,12.3
46,213,13.25
46,223,14.45
46,233,13.75
46,243,12.8
46,253,11.9
46,263,11.35
46,273,10.85
46,283,10.55
46,293,10.25
46,303,9.85
46,313,7.8
46,323,7.7
46,333,7.85
51,153,7.9
51,163,10.35
51,173,10.4
51,183,10.9
51,193,11.75
51,203,12.85
51,213,13.95
51,223,14.9
51,233,14.2
51,243,13.3
51,253,12.25
51,263,11.6
51,273,11.25
51,283,10.75
51,293,10.5
51,303,10.15
51,313,8.05
51,323,7.95
51,333,8.1
56,153,8.1
56,163,10.6
56,173,10.55
56,183,11.1
56,193,12
56,203,13.15
56,213,14.2
56,223,15.25
56,233,14.55
56,243,13.5
56,253,12.5
56,263,11.75
56,273,11.35
56,283,11.1
56,293,10.65
56,303,10.25
56,313,8.2
56,323,8.25
56,333,8.2
61,153,8.35
61,163,10.85
61,173,11
61,183,11.5
61,193,12.4
61,203,13.55
61,213,14.8
61,223,15.85
61,233,15
61,243,14
61,253,12.85
61,263,12.2
61,273,11.8
61,283,11.3
61,293,10.95
61,303,10.65
61,313,8.5
61,323,8.4
61,333,8.45
66,153,8.7
66,163,11.25
66,173,11.15
66,183,11.8
66,193,12.9
66,203,14
66,213,15.4
66,223,16.45
66,233,15.6
66,243,14.5
66,253,13.25
66,263,12.6
66,273,12.15
66,283,11.7
66,293,11.3
66,303,10.95
66,313,8.8
66,323,8.9
66,333,8.8
71,153,8.9
71,163,11.5
71,173,11.5
71,183,12.2
71,193,13.2
71,203,14.55
71,213,15.85
71,223,17.1
71,233,16.2
71,243,15.05
71,253,13.85
71,263,13.05
71,273,12.55
71,283,12
71,293,11.7
71,303,11.35
71,313,9.1
71,323,9.25
71,333,9.1
76,153,9.25
76,163,11.8
76,173,11.9
76,183,12.6
76,193,13.6
76,203,14.9
76,213,16.25
76,223,17.65
76,233,16.7
76,243,15.55
76,253,14.3
76,263,13.45
76,273,12.9
76,283,12.55
76,293,12
76,303,11.7
76,313,9.35
76,323,9.5
76,333,9.45
81,153,9.5
81,163,12.2
81,173,12.25
81,183,12.8
81,193,13.95
81,203,15.35
81,213,16.8
81,223,18.2
81,233,17.3
81,243,16.1
81,253,14.6
81,263,13.85
81,273,13.3
81,283,12.85
81,293,12.3
81,303,12
81,313,9.65
81,323,9.75
81,333,9.85
86,153,9.85
86,163,12.4
86,173,12.45
86,183,13.25
86,193,14.5
86,203,15.9
86,213,17.35
86,223,18.85
86,233,17.85
86,243,16.45
86,253,14.95
86,263,14.35
86,273,13.7
86,283,13.15
86,293,12.65
86,303,12.25
86,313,10.05
86,323,10
86,333,10
91,153,10.15
91,163,12.85
91,173,12.85
91,183,13.6
91,193,14.85
91,203,16.35
91,213,18
91,223,19.35
91,233,18.3
91,243,16.85
91,253,15.35
91,263,14.7
91,273,14
91,283,13.55
91,293,12.95
91,303,12.55
91,313,10.25
91,323,10.25
91,333,10.25
96,153,10.5
96,163,13.1
96,173,13.2
96,183,13.9
96,193,15.4
96,203,16.85
96,213,18.6
96,223,19.95
96,233,18.95
96,243,17.35
96,253,15.75
96,263,15.1
96,273,14.45
96,283,13.8
96,293,13.25
96,303,12.8
96,313,10.65
96,323,10.55
96,333,10.5
101,153,10.9
101,163,13.45
101,173,13.6
101,183,14.5
101,193,15.8
101,203,17.4
101,213,19.1
101,223,20.7
101,233,19.45
101,243,17.9
101,253,16.35
101,263,15.5
101,273,14.75
101,283,14.15
101,293,13.65
101,303,13.2
101,313,10.9
101,323,10.95
101,333,10.9
106,153,11.1
106,163,13.75
106,173,13.9
106,183,14.75
106,193,16.15
106,203,17.85
106,213,19.6
106,223,21.45
106,233,20.05
106,243,18.45
106,253,16.85
106,263,15.9
106,273,15.15
106,283,14.6
106,293,13.9
106,303,13.6
106,313,11.2
106,323,11.2
106,333,11.25
111,153,11.35
111,163,14.15
111,173,14.1
111,183,15.15
111,193,16.55
111,203,18.3
111,213,20.2
111,223,21.95
111,233,20.65
111,243,19
111,253,17.4
111,263,16.3
111,273,15.7
111,283,15.05
111,293,14.4
111,303,13.85
111,313,11.6
111,323,11.7
111,333,11.55
116,153,11.7
116,163,14.5
116,173,14.55
116,183,15.5
116,193,17
116,203,18.75
116,213,20.65
116,223,22.55
116,233,21.2
116,243,19.6
116,253,17.9
116,263,16.8
116,273,16
116,283,15.3
116,293,14.7
116,303,14.2
116,313,11.9
116,323,11.9
116,333,11.8
121,153,11.9
121,163,14.7
121,173,14.9
121,183,15.8
121,193,17.3
121,203,19.15
121,213,21.05
121,223,23.05
121,233,21.9
121,243,20.15
121,253,18.2
121,263,17.2
121,273,16.35
121,283,15.75
121,293,15
121,303,14.5
121,313,12.25
121,323,12.15
121,333,12.25
126,153,12.25
126,156,12.2
126,159,15.05
126,162,15.05
126,163,15.05
126,165,15.05
126,168,15.05
126,171,15.1
126,173,15.15
126,174,15.1
126,177,15.5
126,180,15.75
126,183,16.2
126,186,16.5
126,189,16.95
126,192,17.45
126,193,17.75
126,195,18.1
126,198,18.65
126,201,19.2
126,203,19.75
126,204,19.9
126,207,20.4
126,210,21.1
126,213,21.55
126,216,22.3
126,219,23.05
126,222,23.65
126,223,23.75
126,225,23.4
126,228,23.1
126,231,22.7
126,233,22.45
126,234,22.2
126,237,21.7
126,240,20.95
126,243,20.4
126,246,19.9
126,249,19.1
126,252,18.7
126,253,18.5
126,255,18.25
126,258,18.05
126,261,17.75
126,263,17.5
126,264,17.35
126,267,17.05
126,270,17
126,273,16.65
126,276,16.4
126,279,16.2
126,282,16.15
126,283,16.0
126,285,15.95
126,288,15.7
126,291,15.35
126,293,15.35
126,294,15.25
126,297,14.8
126,300,14.8
126,303,14.8
126,306,14.75
126,309,14.75
126,312,14.8
126,313,12.45
126,315,12.4
126,318,12.4
126,321,12.4
126,323,12.45
126,324,12.45
126,327,12.45
126,330,12.45
126,333,12.5
131,153,12.5
131,156,12.55
131,159,15.5
131,162,15.4
131,163,15.4
131,165,15.4
131,168,15.45
131,171,15.5
131,173,15.45
131,174,15.55
131,177,15.75
131,180,16.1
131,183,16.55
131,186,16.9
131,189,17.45
131,192,17.95
131,193,18.15
131,195,18.5
131,198,19.05
131,201,19.65
131,203,20.15
131,204,20.3
131,207,21.05
131,210,21.55
131,213,22.3
131,216,23
131,219,23.65
131,222,24.4
131,223,24.35
131,225,23.95
131,228,23.55
131,231,23.2
131,233,22.95
131,234,22.8
131,237,22.25
131,240,21.5
131,243,21
131,246,20.25
131,249,19.55
131,252,19.05
131,253,19.0
131,255,18.75
131,258,18.5
131,261,18.1
131,263,17.95
131,264,17.7
131,267,17.5
131,270,17.25
131,273,17.05
131,276,16.8
131,279,16.6
131,282,16.35
131,283,16.35
131,285,16.3
131,288,15.95
131,291,15.75
131,293,15.7
131,294,15.55
131,297,15.1
131,300,15
131,303,15.05
131,306,15.05
131,309,15.1
131,312,15.1
131,313,12.75
131,315,12.7
131,318,12.85
131,321,12.75
131,323,12.75
131,324,12.7
131,327,12.85
131,330,12.75
131,333,12.75
136,153,12.85
136,156,12.9
136,159,15.75
136,162,15.8
136,163,15.9
136,165,15.8
136,168,15.8
136,171,15.8
136,173,15.85
136,174,15.9
136,177,16.2
136,180,16.5
136,183,16.95
136,186,17.45
136,189,17.95
136,192,18.4
136,193,18.6
136,195,19
136,198,19.65
136,201,20.2
136,203,20.75
136,204,20.9
136,207,21.6
136,210,22.15
136,213,23
136,216,23.6
136,219,24.2
136,222,25
136,223,24.95
136,225,24.75
136,228,24.25
136,231,23.75
136,233,23.5
136,234,23.3
136,237,22.75
136,240,22.1
136,243,21.5
136,246,20.85
136,249,20.1
136,252,19.55
136,253,19.4
136,255,19.25
136,258,18.9
136,261,18.55
136,263,18.3
136,264,18.25
136,267,17.95
136,270,17.7
136,273,17.45
136,276,17.25
136,279,17.0
136,282,16.8
136,283,16.7
136,285,16.6
136,288,16.35
136,291,16.1
136,293,16.0
136,294,15.85
136,297,15.4
136,300,15.4
136,303,15.45
136,306,15.45
136,309,15.35
136,312,15.45
136,313,13.05
136,315,13.1
136,318,13.0
136,321,13.1
136,323,13.2
136,324,13.1
136,327,13.1
136,330,13.0
136,333,13.05
141,153,13.2
141,156,13.2
141,159,16.15
141,162,16.2
141,163,16.1
141,165,16.15
141,168,16.15
141,171,16.2
141,173,16.15
141,174,16.2
141,177,16.5
141,180,16.95
141,183,17.45
141,186,17.8
141,189,18.35
141,192,18.8
141,193,19.1
141,195,19.5
141,198,20.0
141,201,20.6
141,203,21.2
141,204,21.55
141,207,22.05
141,210,22.75
141,213,23.45
141,216,24.1
141,219,24.9
141,222,25.65
141,223,25.75
141,225,25.3
141,228,24.9
141,231,24.4
141,233,24.1
141,234,23.85
141,237,23.35
141,240,22.7
141,243,22.0
141,246,21.3
141,249,20.6
141,252,19.95
141,253,20.0
141,255,19.65
141,258,19.25
141,261,18.9
141,263,18.9
141,264,18.6
141,267,18.4
141,270,18.1
141,273,17.9
141,276,17.55
141,279,17.35
141,282,17.2
141,283,17.0
141,285,16.9
141,288,16.8
141,291,16.65
141,293,16.4
141,294,16.3
141,297,15.7
141,300,15.75
141,303,15.7
141,306,15.75
141,309,15.65
141,312,15.8
141,313,13.45
141,315,13.3
141,318,13.35
141,321,13.3
141,323,13.4
141,324,13.4
141,327,13.45
141,330,13.4
141,333,13.5
146,153,13.55
146,156,13.55
146,159,16.45
146,162,16.55
146,163,16.5
146,165,16.5
146,168,16.45
146,171,16.55
146,173,16.65
146,174,16.6
146,177,16.85
146,180,17.3
146,183,17.6
146,186,18.15
146,189,18.75
146,192,19.3
146,193,19.5
146,195,19.9
146,198,20.55
146,201,21.15
146,203,21.65
146,204,21.9
146,207,22.65
146,210,23.35
146,213,24.15
146,216,24.85
146,219,25.45
146,222,26.3
146,223,26.4
146,225,26.0
146,228,25.65
146,231,25.0
146,233,24.75
146,234,24.5
146,237,24.0
146,240,23.35
146,243,22.6
146,246,21.9
146,249,21.15
146,252,20.55
146,253,20.45
146,255,20.15
146,258,19.75
146,261,19.35
146,263,19.1
146,264,19.0
146,267,18.8
146,270,18.5
146,273,18.25
146,276,18.05
146,279,17.7
146,282,17.65
146,283,17.5
146,285,17.35
146,288,17.1
146,291,16.9
146,293,16.8
146,294,16.7
146,297,16.1
146,300,16.05
146,303,16.15
146,306,16.2
146,309,16.15
146,312,16.1
146,313,13.75
146,315,13.7
146,318,13.7
146,321,13.85
146,323,13.85
146,324,13.85
146,327,13.7
146,330,13.65
146,333,13.75
151,153,13.75
151,156,13.95
151,159,16.8
151,162,16.9
151,163,16.9
151,165,16.8
151,168,16.95
151,171,16.85
151,173,17.0
151,174,17.0
151,177,17.3
151,180,17.7
151,183,18.1
151,186,18.65
151,189,19.05
151,192,19.7
151,193,20.0
151,195,20.4
151,198,21.0
151,201,21.7
151,203,22.25
151,204,22.4
151,207,23.05
151,210,23.9
151,213,24.65
151,216,25.35
151,219,26.1
151,222,26.95
151,223,26.95
151,225,26.7
151,228,26.25
151,231,25.6
151,233,25.2
151,234,25.0
151,237,24.55
151,240,23.85
151,243,23.1
151,246,22.35
151,249,21.65
151,252,21.0
151,253,21.0
151,255,20.6
151,258,20.2
151,261,19.9
151,263,19.7
151,264,19.55
151,267,19.25
151,270,18.95
151,273,18.75
151,276,18.45
151,279,18.25
151,282,17.95
151,283,17.85
151,285,17.75
151,288,17.55
151,291,17.3
151,293,17.15
151,294,16.95
151,297,16.45
151,300,16.5
151,303,16.5
151,306,16.45
151,309,16.6
151,312,16.45
151,313,14.1
151,315,14.1
151,318,14.1
151,321,14.15
151,323,13.95
151,324,14.1
151,327,14.1
151,330,14.2
151,333,14.15
156,153,14.2
156,156,14.2
156,159,17.15
156,162,17.25
156,163,17.2
156,165,17.2
156,168,17.1
156,171,17.2
156,173,17.3
156,174,17.3
156,177,17.6
156,180,18.0
156,183,18.4
156,186,18.9
156,189,19.5
156,192,20.1
156,193,20.3
156,195,20.8
156,198,21.35
156,201,22.15
156,203,22.7
156,204,22.85
156,207,23.5
156,210,24.45
156,213,25.25
156,216,25.95
156,219,26.65
156,222,27.65
156,223,27.65
156,225,27.35
156,228,26.85
156,231,26.3
156,233,25.85
156,234,25.65
156,237,25.05
156,240,24.4
156,243,23.55
156,246,22.85
156,249,22.1
156,252,21.55
156,253,21.35
156,255,21.0
156,258,20.7
156,261,20.35
156,263,20.15
156,264,19.9
156,267,19.6
156,270,19.3
156,273,19.05
156,276,18.75
156,279,18.6
156,282,18.4
156,283,18.25
156,285,18.15
156,288,17.85
156,291,17.6
156,293,17.55
156,294,17.45
156,297,16.85
156,300,16.9
156,303,16.8
156,306,16.8
156,309,16.9
156,312,16.85
156,313,14.4
156,315,14.5
156,318,14.35
156,321,14.45
156,323,14.45
156,324,14.45
156,327,14.45
156,330,14.35
156,333,14.4
161,153,14.35
161,156,14.35
161,159,17.45
161,162,17.5
161,163,17.5
161,165,17.45
161,168,17.45
161,171,17.5
161,173,17.5
161,174,17.6
161,177,17.95
161,180,18.4
161,183,18.85
161,186,19.2
161,189,19.85
161,192,20.6
161,193,20.8
161,195,21.2
161,198,21.85
161,201,22.7
161,203,23.2
161,204,23.3
161,207,24.1
161,210,24.95
161,213,25.7
161,216,26.35
161,219,27.4
161,222,28.3
161,223,28.25
161,225,28.0
161,228,27.4
161,231,26.9
161,233,26.5
161,234,26.3
161,237,25.5
161,240,24.85
161,243,24.2
161,246,23.25
161,249,22.55
161,252,22.05
161,253,21.9
161,255,21.45
161,258,21.15
161,261,20.85
161,263,20.55
161,264,20.4
161,267,20.05
161,270,19.7
161,273,19.5
161,276,19.25
161,279,19.0
161,282,18.8
161,283,18.6
161,285,18.5
161,288,18.3
161,291,17.95
161,293,17.85
161,294,17.65
161,297,17.15
161,300,17.2
161,303,17.15
161,306,17.15
161,309,17.1
161,312,17.15
161,313,14.75
161,315,14.7
161,318,14.65
161,321,14.75
161,323,14.65
161,324,14.8
161,327,14.8
161,330,14.8
161,333,14.75
166,153,14.75
166,156,14.65
166,159,17.8
166,162,17.85
166,163,17.8
166,165,17.75
166,168,17.75
166,171,17.8
166,173,17.85
166,174,17.9
166,177,18.25
166,180,18.8
166,183,19.15
166,186,19.65
166,189,20.2
166,192,20.9
166,193,21.15
166,195,21.6
166,198,22.35
166,201,23.15
166,203,23.65
166,204,23.7
166,207,24.6
166,210,25.4
166,213,26.1
166,216,26.95
166,219,27.95
166,222,28.7
166,223,28.75
166,225,28.5
166,228,28.0
166,231,27.5
166,233,27.15
166,234,26.75
166,237,26.15
166,240,25.3
166,243,24.75
166,246,23.8
166,249,23.05
166,252,22.3
166,253,22.3
166,255,21.95
166,258,21.55
166,261,21.15
166,263,20.9
166,264,20.85
166,267,20.5
166,270,20.15
166,273,19.8
166,276,19.55
166,279,19.35
166,282,19.1
166,283,19.0
166,285,18.85
166,288,18.6
166,291,18.4
166,293,18.15
166,294,18.05
166,297,17.55
166,300,17.5
166,303,17.45
166,306,17.45
166,309,17.55
166,312,17.45
166,313,15.05
166,315,15.0
166,318,14.9
166,321,15.2
166,323,15.05
166,324,15.0
166,327,15.1
166,330,15.0
166,333,15.0
171,153,14.95
171,156,15.05
171,159,18.2
171,162,18.15
171,163,18.15
171,165,18.05
171,168,18.0
171,171,18.1
171,173,18.1
171,174,18.25
171,177,18.5
171,180,19.0
171,183,19.45
171,186,20.05
171,189,20.55
171,192,21.35
171,193,21.6
171,195,21.95
171,198,22.7
171,201,23.55
171,203,24.0
171,204,24.25
171,207,25.15
171,210,25.9
171,213,26.65
171,216,27.65
171,219,28.55
171,222,29.35
171,223,29.25
171,225,29.1
171,228,28.6
171,231,28.05
171,233,27.7
171,234,27.4
171,237,26.65
171,240,26.0
171,243,25.25
171,246,24.35
171,249,23.45
171,252,22.85
171,253,22.6
171,255,22.3
171,258,21.95
171,261,21.55
171,263,21.3
171,264,21.25
171,267,20.95
171,270,20.55
171,273,20.2
171,276,20.0
171,279,19.65
171,282,19.45
171,283,19.4
171,285,19.1
171,288,19.0
171,291,18.65
171,293,18.45
171,294,18.4
171,297,17.75
171,300,17.8
171,303,17.75
171,306,17.8
171,309,17.8
171,312,17.8
171,313,15.25
171,315,15.35
171,318,15.25
171,321,15.3
171,323,15.35
171,324,15.3
171,327,15.3
171,330,15.25
171,333,15.25
176,153,15.2
176,156,15.25
176,159,18.45
176,162,18.5
176,163,18.5
176,165,18.5
176,168,18.45
176,171,18.45
176,173,18.55
176,174,18.6
176,177,18.95
176,180,19.3
176,183,19.8
176,186,20.45
176,189,21.0
176,192,21.7
176,193,22.0
176,195,22.45
176,198,23.15
176,201,23.95
176,203,24.5
176,204,24.7
176,207,25.65
176,210,26.5
176,213,27.25
176,216,28.35
176,219,29.05
176,222,30.1
176,223,30.0
176,225,29.55
176,228,29.1
176,231,28.65
176,233,28.3
176,234,27.95
176,237,27.2
176,240,26.35
176,243,25.65
176,246,24.8
176,249,23.85
176,252,23.15
176,253,23.1
176,255,22.8
176,258,22.3
176,261,21.85
176,263,21.75
176,264,21.6
176,267,21.2
176,270,20.85
176,273,20.4
176,276,20.25
176,279,20.15
176,282,19.75
176,283,19.6
176,285,19.5
176,288,19.2
176,291,19.0
176,293,18.8
176,294,18.75
176,297,18.1
176,300,18.1
176,303,18.05
176,306,18.0
176,309,18.0
176,312,18.1
176,313,15.6
176,315,15.55
176,318,15.6
176,321,15.6
176,323,15.6
176,324,15.5
176,327,15.55
176,330,15.55
176,333,15.65
181,153,15.5
181,156,15.5
181,159,18.65
181,162,18.6
181,163,18.65
181,165,18.65
181,168,18.6
181,171,18.6
181,173,18.7
181,174,18.8
181,177,19.1
181,180,19.6
181,183,20.05
181,186,20.55
181,189,21.2
181,192,21.95
181,193,22.15
181,195,22.6
181,198,23.5
181,201,24.25
181,203,24.75
181,204,25.0
181,207,25.9
181,210,26.7
181,213,27.6
181,216,28.55
181,219,29.45
181,222,30.3
181,223,30.25
181,225,29.9
181,228,29.45
181,231,28.85
181,233,28.55
181,234,28.25
181,237,27.4
181,240,26.6
181,243,25.9
181,246,25.1
181,249,24.0
181,252,23.45
181,253,23.3
181,255,23.05
181,258,22.45
181,261,22.0
181,263,21.9
181,264,21.7
181,267,21.45
181,270,21.1
181,273,20.7
181,276,20.4
181,279,20.25
181,282,19.9
181,283,19.9
181,285,19.7
181,288,19.5
181,291,19.1
181,293,19.0
181,294,18.75
181,297,18.15
181,300,18.2
181,303,18.25
181,306,18.25
181,309,18.15
181,312,18.15
181,313,15.7
181,315,15.7
181,318,15.7
181,321,15.75
181,323,15.75
181,324,15.7
181,327,15.65
181,330,15.7
181,333,15.8
186,153,15.75
186,156,15.8
186,159,18.9
186,162,18.95
186,163,19.05
186,165,19.0
186,168,19.05
186,171,19.05
186,173,19.2
186,174,19.15
186,177,19.5
186,180,19.85
186,183,20.45
186,186,21.05
186,189,21.7
186,192,22.35
186,193,22.7
186,195,23.15
186,198,24.0
186,201,24.75
186,203,25.35
186,204,25.6
186,207,26.45
186,210,27.35
186,213,28.2
186,216,29.1
186,219,30.0
186,222,30.85
186,223,30.9
186,225,30.55
186,228,30.0
186,231,29.35
186,233,29.1
186,234,28.75
186,237,28.0
186,240,27.1
186,243,26.35
186,246,25.5
186,249,24.35
186,252,23.85
186,253,23.75
186,255,23.45
186,258,23.0
186,261,22.4
186,263,22.3
186,264,22.15
186,267,21.8
186,270,21.5
186,273,21.05
186,276,20.75
186,279,20.55
186,282,20.3
186,283,20.2
186,285,19.95
186,288,19.65
186,291,19.45
186,293,19.25
186,294,19.1
186,297,18.45
186,300,18.45
186,303,18.55
186,306,18.55
186,309,18.55
186,312,18.4
186,313,16.05
186,315,16.1
186,318,15.95
186,321,16.05
186,323,15.95
186,324,16.0
186,327,16.0
186,330,16.0
186,333,16.05
191,153,16.1
191,156,16.1
191,159,19.3
191,162,19.35
191,163,19.3
191,165,19.3
191,168,19.35
191,171,19.4
191,173,19.4
191,174,19.55
191,177,19.85
191,180,20.3
191,183,20.85
191,186,21.45
191,189,22.1
191,192,22.8
191,193,23.15
191,195,23.55
191,198,24.35
191,201,25.2
191,203,25.9
191,204,26.1
191,207,27.05
191,210,27.9
191,213,28.7
191,216,29.8
191,219,30.75
191,222,31.5
191,223,31.6
191,225,31.15
191,228,30.65
191,231,30.05
191,233,29.75
191,234,29.45
191,237,28.55
191,240,27.75
191,243,26.85
191,246,26.1
191,249,25.0
191,252,24.35
191,253,24.2
191,255,23.8
191,258,23.3
191,261,22.95
191,263,22.75
191,264,22.5
191,267,22.05
191,270,21.8
191,273,21.5
191,276,21.25
191,279,20.9
191,282,20.65
191,283,20.6
191,285,20.35
191,288,20.1
191,291,19.75
191,293,19.55
191,294,19.5
191,297,18.8
191,300,18.9
191,303,18.9
191,306,18.95
191,309,18.8
191,312,18.85
191,313,16.4
191,315,16.35
191,318,16.35
191,321,16.35
191,323,16.35
191,324,16.25
191,327,16.3
191,330,16.3
191,333,16.3
196,153,16.45
196,156,16.5
196,159,19.7
196,162,19.75
196,163,19.7
196,165,19.7
196,168,19.6
196,171,19.6
196,173,19.75
196,174,19.8
196,177,20.3
196,180,20.8
196,183,21.3
196,186,21.8
196,189,22.6
196,192,23.15
196,193,23.6
196,195,24.05
196,198,24.9
196,201,25.7
196,203,26.4
196,204,26.7
196,207,27.55
196,210,28.4
196,213,29.5
196,216,30.4
196,219,31.25
196,222,32.15
196,223,32.25
196,225,31.85
196,228,31.15
196,231,30.55
196,233,30.25
196,234,29.95
196,237,29.2
196,240,28.3
196,243,27.5
196,246,26.6
196,249,25.5
196,252,24.8
196,253,24.9
196,255,24.4
196,258,23.95
196,261,23.45
196,263,23.15
196,264,23.0
196,267,22.6
196,270,22.2
196,273,22.05
196,276,21.6
196,279,21.3
196,282,21.05
196,283,21.1
196,285,20.9
196,288,20.45
196,291,20.2
196,293,20.05
196,294,19.9
196,297,19.25
196,300,19.15
196,303,19.15
196,306,19.3
196,309,19.25
196,312,19.3
196,313,16.65
196,315,16.65
196,318,16.6
196,321,16.75
196,323,16.75
196,324,16.65
196,327,16.75
196,330,16.75
196,333,16.6
201,153,16.75
201,156,16.75
201,159,20.05
201,162,20.05
201,163,20.1
201,165,20.15
201,168,20.05
201,171,20.1
201,173,20.15
201,174,20.25
201,177,20.6
201,180,21.05
201,183,21.75
201,186,22.25
201,189,23.0
201,192,23.7
201,193,24.0
201,195,24.5
201,198,25.3
201,201,26.2
201,203,26.85
201,204,27.2
201,207,28.15
201,210,29.0
201,213,29.95
201,216,30.8
201,219,31.9
201,222,32.95
201,223,32.9
201,225,32.55
201,228,31.95
201,231,31.2
201,233,30.65
201,234,30.6
201,237,29.8
201,240,28.85
201,243,28.0
201,246,27.15
201,249,26.1
201,252,25.35
201,253,25.25
201,255,24.8
201,258,24.35
201,261,23.8
201,263,23.75
201,264,23.4
201,267,23.0
201,270,22.65
201,273,22.2
201,276,22.05
201,279,21.6
201,282,21.45
201,283,21.45
201,285,21.25
201,288,20.8
201,291,20.65
201,293,20.45
201,294,20.15
201,297,19.45
201,300,19.5
201,303,19.55
201,306,19.45
201,309,19.55
201,312,19.6
201,313,17.15
201,315,17.05
201,318,16.95
201,321,16.9
201,323,17.0
201,324,17.0
201,327,17.05
201,330,17.0
201,333,17.05
206,153,17.2
206,156,17.05
206,159,20.4
206,162,20.35
206,163,20.5
206,165,20.35
206,168,20.4
206,171,20.35
206,173,20.55
206,174,20.65
206,177,20.95
206,180,21.35
206,183,22.05
206,186,22.75
206,189,23.45
206,192,24.05
206,193,24.45
206,195,25.0
206,198,25.85
206,201,26.65
206,203,27.4
206,204,27.8
206,207,28.55
206,210,29.55
206,213,30.55
206,216,31.55
206,219,32.55
206,222,33.7
206,223,33.65
206,225,33.25
206,228,32.5
206,231,31.95
206,233,31.4
206,234,31.15
206,237,30.35
206,240,29.6
206,243,28.5
206,246,27.6
206,249,26.65
206,252,25.75
206,253,25.65
206,255,25.4
206,258,24.8
206,261,24.4
206,263,24.05
206,264,23.9
206,267,23.5
206,270,23.05
206,273,22.8
206,276,22.45
206,279,22.0
206,282,21.75
206,283,21.8
206,285,21.5
206,288,21.2
206,291,21.0
206,293,20.8
206,294,20.65
206,297,19.9
206,300,19.95
206,303,19.9
206,306,19.9
206,309,19.9
206,312,19.9
206,313,17.35
206,315,17.3
206,318,17.3
206,321,17.35
206,323,17.4
206,324,17.4
206,327,17.35
206,330,17.35
206,333,17.3
211,153,17.45
211,156,17.5
211,159,20.75
211,162,20.75
211,163,20.9
211,165,20.75
211,168,20.75
211,171,20.7
211,173,20.8
211,174,20.95
211,177,21.4
211,180,21.9
211,183,22.5
211,186,23.1
211,189,23.9
211,192,24.5
211,193,24.95
211,195,25.45
211,198,26.3
211,201,27.2
211,203,27.95
211,204,28.2
211,207,29.1
211,210,30.2
211,213,31.2
211,216,32.1
211,219,33.15
211,222,34.25
211,223,34.25
211,225,33.75
211,228,33.25
211,231,32.5
211,233,32.05
211,234,31.7
211,237,30.95
211,240,30.1
211,243,29.05
211,246,28.15
211,249,27.15
211,252,26.2
211,253,26.2
211,255,25.75
211,258,25.35
211,261,24.9
211,263,24.6
211,264,24.3
211,267,23.9
211,270,23.6
211,273,23.2
211,276,22.8
211,279,22.55
211,282,22.25
211,283,22.25
211,285,21.9
211,288,21.6
211,291,21.35
211,293,21.15
211,294,21.0
211,297,20.25
211,300,20.25
211,303,20.25
211,306,20.1
211,309,20.25
211,312,20.25
211,313,17.7
211,315,17.6
211,318,17.7
211,321,17.65
211,323,17.7
211,324,17.65
211,327,17.7
211,330,17.8
211,333,17.7
216,153,17.8
216,156,17.8
216,159,20.95
216,162,21.15
216,163,21.2
216,165,21.15
216,168,21.1
216,171,21.15
216,173,21.2
216,174,21.35
216,177,21.8
216,180,22.3
216,183,22.8
216,186,23.5
216,189,24.2
216,192,24.85
216,193,25.35
216,195,25.85
216,198,26.75
216,201,27.7
216,203,28.5
216,204,28.8
216,207,29.55
216,210,30.8
216,213,31.85
216,216,32.8
216,219,33.7
216,222,35.0
216,223,34.95
216,225,34.45
216,228,33.8
216,231,33.05
216,233,32.75
216,234,32.2
216,237,31.5
216,240,30.65
216,243,29.65
216,246,28.5
216,249,27.65
216,252,26.65
216,253,26.55
216,255,26.2
216,258,25.85
216,261,25.3
216,263,25.0
216,264,24.8
216,267,24.45
216,270,24.0
216,273,23.55
216,276,23.3
216,279,22.95
216,282,22.65
216,283,22.65
216,285,22.3
216,288,22.0
216,291,21.65
216,293,21.4
216,294,21.4
216,297,20.55
216,300,20.7
216,303,20.65
216,306,20.65
216,309,20.55
216,312,20.65
216,313,18.05
216,315,18.0
216,318,18.0
216,321,17.95
216,323,18.0
216,324,17.95
216,327,18.0
216,330,17.95
216,333,18.05
221,153,18.15
221,156,18.2
221,159,21.5
221,162,21.5
221,163,21.45
221,165,21.45
221,168,21.4
221,171,21.5
221,173,21.6
221,174,21.8
221,177,22.15
221,180,22.75
221,183,23.3
221,186,23.85
221,189,24.65
221,192,25.3
221,193,25.8
221,195,26.35
221,198,27.25
221,201,28.25
221,203,28.95
221,204,29.3
221,207,30.3
221,210,31.35
221,213,32.3
221,216,33.3
221,219,34.45
221,222,35.6
221,223,35.65
221,225,35.15
221,228,34.5
221,231,33.85
221,233,33.35
221,234,33.0
221,237,32.05
221,240,31.25
221,243,30.1
221,246,29.1
221,249,28.1
221,252,27.3
221,253,27.15
221,255,26.65
221,258,26.25
221,261,25.65
221,263,25.4
221,264,25.2
221,267,24.8
221,270,24.5
221,273,24.05
221,276,23.6
221,279,23.3
221,282,23.05
221,283,23.05
221,285,22.8
221,288,22.4
221,291,21.95
221,293,21.9
221,294,21.75
221,297,21.05
221,300,21.1
221,303,20.9
221,306,21.05
221,309,21.1
221,312,20.95
221,313,18.45
221,315,18.5
221,318,18.45
221,321,18.35
221,323,18.45
221,324,18.35
221,327,18.35
221,330,18.4
221,333,18.4
226,153,18.45
226,156,18.35
226,159,21.85
226,162,21.85
226,163,21.85
226,165,21.8
226,168,21.85
226,171,21.8
226,173,21.9
226,174,22.0
226,177,22.65
226,180,23.1
226,183,23.7
226,186,24.35
226,189,25.0
226,192,26.0
226,193,26.35
226,195,26.85
226,198,27.7
226,201,28.8
226,203,29.55
226,204,29.8
226,207,30.75
226,210,31.85
226,213,33.05
226,216,34.0
226,219,35.15
226,222,36.3
226,223,36.35
226,225,35.85
226,228,35.3
226,231,34.45
226,233,33.85
226,234,33.55
226,237,32.65
226,240,31.75
226,243,30.75
226,246,29.65
226,249,28.6
226,252,27.75
226,253,27.55
226,255,27.15
226,258,26.7
226,261,26.25
226,263,25.95
226,264,25.75
226,267,25.1
226,270,24.85
226,273,24.5
226,276,24.0
226,279,23.7
226,282,23.45
226,283,23.35
226,285,23.15
226,288,22.75
226,291,22.4
226,293,22.25
226,294,22.2
226,297,21.4
226,300,21.4
226,303,21.4
226,306,21.35
226,309,21.35
226,312,21.35
226,313,18.85
226,315,18.75
226,318,18.75
226,321,18.7
226,323,18.8
226,324,18.75
226,327,18.8
226,330,18.75
226,333,18.65
231,153,18.75
231,156,18.8
231,159,22.2
231,162,22.15
231,163,22.2
231,165,22.2
231,168,22.2
231,171,22.15
231,173,22.35
231,174,22.35
231,177,22.85
231,180,23.4
231,183,24.1
231,186,24.8
231,189,25.65
231,192,26.35
231,193,26.8
231,195,27.35
231,198,28.2
231,201,29.35
231,203,30.05
231,204,30.3
231,207,31.4
231,210,32.55
231,213,33.6
231,216,34.75
231,219,35.9
231,222,37.05
231,223,37.05
231,225,36.55
231,228,35.85
231,231,35.1
231,233,34.45
231,234,34.2
231,237,33.1
231,240,32.4
231,243,31.35
231,246,30.25
231,249,29.15
231,252,28.3
231,253,28.1
231,255,27.6
231,258,27.05
231,261,26.65
231,263,26.35
231,264,26.1
231,267,25.55
231,270,25.15
231,273,24.85
231,276,24.4
231,279,24.0
231,282,23.8
231,283,23.8
231,285,23.45
231,288,23.1
231,291,22.8
231,293,22.6
231,294,22.45
231,297,21.6
231,300,21.6
231,303,21.6
231,306,21.65
231,309,21.5
231,312,21.7
231,313,19.15
231,315,19.0
231,318,19.0
231,321,18.9
231,323,19.05
231,324,18.95
231,327,19.0
231,330,19.0
231,333,18.9
236,153,19.1
236,156,19.15
236,159,22.65
236,162,22.65
236,163,22.55
236,165,22.5
236,168,22.7
236,171,22.55
236,173,22.7
236,174,22.85
236,177,23.35
236,180,23.9
236,183,24.5
236,186,25.2
236,189,25.95
236,192,26.8
236,193,27.2
236,195,27.8
236,198,28.75
236,201,29.85
236,203,30.65
236,204,30.9
236,207,32.05
236,210,33.05
236,213,34.05
236,216,35.3
236,219,36.5
236,222,37.6
236,223,37.65
236,225,37.2
236,228,36.45
236,231,35.75
236,233,35.1
236,234,34.65
236,237,33.7
236,240,32.85
236,243,31.85
236,246,30.7
236,249,29.55
236,252,28.8
236,253,28.6
236,255,28.1
236,258,27.55
236,261,27.15
236,263,26.8
236,264,26.65
236,267,26.05
236,270,25.75
236,273,25.3
236,276,24.95
236,279,24.5
236,282,24.2
236,283,24.1
236,285,23.95
236,288,23.6
236,291,23.15
236,293,22.9
236,294,22.8
236,297,21.95
236,300,21.95
236,303,22.1
236,306,22.0
236,309,21.95
236,312,21.95
236,313,19.35
236,315,19.3
236,318,19.3
236,321,19.3
236,323,19.2
236,324,19.3
236,327,19.35
236,330,19.35
236,333,19.45
241,153,19.5
241,156,19.45
241,159,23.05
241,162,22.95
241,163,23.0
241,165,23.0
241,168,23.05
241,171,23.0
241,173,23.1
241,174,23.2
241,177,23.75
241,180,24.3
241,183,24.85
241,186,25.65
241,189,26.45
241,192,27.3
241,193,27.65
241,195,28.25
241,198,29.25
241,201,30.4
241,203,31.0
241,204,31.4
241,207,32.65
241,210,33.65
241,213,34.75
241,216,35.95
241,219,37.25
241,222,38.35
241,223,38.25
241,225,37.95
241,228,37.15
241,231,36.4
241,233,35.7
241,234,35.45
241,237,34.45
241,240,33.4
241,243,32.35
241,246,31.25
241,249,30.15
241,252,29.25
241,253,29.1
241,255,28.6
241,258,28.0
241,261,27.5
241,263,27.2
241,264,27.0
241,267,26.5
241,270,26.0
241,273,25.75
241,276,25.4
241,279,24.9
241,282,24.55
241,283,24.6
241,285,24.4
241,288,24.0
241,291,23.55
241,293,23.45
241,294,23.3
241,297,22.35
241,300,22.35
241,303,22.4
241,306,22.35
241,309,22.4
241,312,22.3
241,313,19.8
241,315,19.75
241,318,19.65
241,321,19.7
241,323,19.75
241,324,19.6
241,327,19.65
241,330,19.7
241,333,19.7
246,153,19.75
246,156,19.8
246,159,23.35
246,162,23.35
246,163,23.4
246,165,23.4
246,168,23.4
246,171,23.4
246,173,23.45
246,174,23.55
246,177,23.9
246,180,24.55
246,183,25.25
246,186,26.1
246,189,26.85
246,192,27.75
246,193,28.05
246,195,28.65
246,198,29.8
246,201,30.9
246,203,31.55
246,204,32.0
246,207,33.1
246,210,34.25
246,213,35.3
246,216,36.6
246,219,37.9
246,222,39.05
246,223,39.1
246,225,38.6
246,228,37.8
246,231,37.0
246,233,36.3
246,234,36.0
246,237,35.0
246,240,33.95
246,243,33.0
246,246,31.85
246,249,30.55
246,252,29.8
246,253,29.5
246,255,29.05
246,258,28.45
246,261,27.9
246,263,27.7
246,264,27.45
246,267,27.0
246,270,26.5
246,273,26.25
246,276,25.65
246,279,25.45
246,282,25.05
246,283,24.95
246,285,24.65
246,288,24.4
246,291,24.05
246,293,23.7
246,294,23.65
246,297,22.65
246,300,22.7
246,303,22.7
246,306,22.75
246,309,22.75
246,312,22.7
246,313,19.95
246,315,20.05
246,318,20.0
246,321,20.0
246,323,19.95
246,324,20.0
246,327,20.1
246,330,20.0
246,333,20.0
251,153,20.2
251,156,20.05
251,159,23.85
251,162,23.8
251,163,23.65
251,165,23.75
251,168,23.75
251,171,23.65
251,173,23.85
251,174,24.05
251,177,24.5
251,180,25.05
251,183,25.7
251,186,26.45
251,189,27.25
251,192,28.25
251,193,28.65
251,195,29.2
251,198,30.4
251,201,31.45
251,203,32.1
251,204,32.55
251,207,33.7
251,210,34.85
251,213,36.0
251,216,37.25
251,219,38.45
251,222,39.7
251,223,39.75
251,225,39.2
251,228,38.5
251,231,37.7
251,233,36.95
251,234,36.75
251,237,35.6
251,240,34.5
251,243,33.55
251,246,32.35
251,249,31.1
251,252,30.3
251,253,30.05
251,255,29.55
251,258,28.95
251,261,28.4
251,263,28.1
251,264,28.1
251,267,27.45
251,270,27.0
251,273,26.6
251,276,26.2
251,279,25.7
251,282,25.4
251,283,25.3
251,285,25.15
251,288,24.8
251,291,24.35
251,293,24.05
251,294,24.05
251,297,23.0
251,300,23.2
251,303,23.1
251,306,23.1
251,309,23.05
251,312,23.1
251,313,20.35
251,315,20.4
251,318,20.4
251,321,20.4
251,323,20.35
251,324,20.35
251,327,20.35
251,330,20.45
251,333,20.3
255,153,20.3
255,156,20.4
255,159,24.1
255,162,24.05
255,163,24.05
255,165,24.05
255,168,24.1
255,171,24.0
255,173,24.05
255,174,24.3
255,177,24.7
255,180,25.35
255,183,26.1
255,186,26.9
255,189,27.65
255,192,28.7
255,193,29.05
255,195,29.55
255,198,30.75
255,201,31.8
255,203,32.5
255,204,33.0
255,207,34.25
255,210,35.35
255,213,36.6
255,216,37.8
255,219,39.1
255,222,40.35
255,223,40.45
255,225,39.85
255,228,39.15
255,231,38.25
255,233,37.65
255,234,37.25
255,237,36.2
255,240,35.1
255,243,34.0
255,246,32.9
255,249,31.45
255,252,30.65
255,253,30.5
255,255,30.05
255,258,29.45
255,261,28.8
255,263,28.55
255,264,28.4
255,267,27.8
255,270,27.4
255,273,26.85
255,276,26.6
255,279,26.15
255,282,25.8
255,283,25.75
255,285,25.5
255,288,25.05
255,291,24.7
255,293,24.5
255,294,24.3
255,297,23.35
255,300,23.4
255,303,23.3
255,306,23.35
255,309,23.4
255,312,23.35
255,313,20.75
255,315,20.65
255,318,20.6
255,321,20.75
255,323,20.8
255,324,20.7
255,327,20.65
255,330,20.7
255,333,20.65
