bri,hue,sat,watt
1,1,1,7.99
1,2732,1,8.03
1,5463,1,7.94
1,8194,1,7.75
1,10925,1,6.98
1,13656,1,7.47
1,16387,1,7.58
1,19118,1,7.77
1,21849,1,7.82
1,24580,1,8.0
1,27311,1,7.93
1,30042,1,7.37
1,32773,1,7.35
1,35504,1,6.56
1,38235,1,7.12
1,40966,1,6.92
1,43697,1,6.99
1,46428,1,7.87
1,49159,1,8.02
1,51890,1,7.53
1,54621,1,7.64
1,57352,1,7.78
1,60083,1,8.13
1,62814,1,7.94
1,65535,1,7.83
1,1,33,7.02
1,2732,33,7.24
1,5463,33,7.25
1,8194,33,7.27
1,10925,33,6.01
1,13656,33,6.59
1,16387,33,6.76
1,19118,33,7.13
1,21849,33,7.07
1,24580,33,7.24
1,27311,33,7.23
1,30042,33,6.73
1,32773,33,6.8
1,35504,33,5.92
1,38235,33,6.22
1,40966,33,6.21
1,43697,33,6.24
1,46428,33,7.23
1,49159,33,7.4
1,51890,33,6.97
1,54621,33,7.0
1,57352,33,7.17
1,60083,33,7.68
1,62814,33,7.47
1,65535,33,7.07
1,1,65,6.7
1,2732,65,6.79
1,5463,65,6.84
1,8194,65,6.53
1,10925,65,5.7
1,13656,65,6.16
1,16387,65,6.44
1,19118,65,6.58
1,21849,65,6.76
1,24580,65,6.87
1,27311,65,6.83
1,30042,65,6.32
1,32773,65,6.37
1,35504,65,5.47
1,38235,65,5.85
1,40966,65,5.68
1,43697,65,5.74
1,46428,65,6.84
1,49159,65,7.07
1,51890,65,6.52
1,54621,65,6.69
1,57352,65,6.72
1,60083,65,7.08
1,62814,65,6.76
1,65535,65,6.66
1,1,97,5.9
1,2732,97,6.09
1,5463,97,6.35
1,8194,97,6.39
1,10925,97,5.4
1,13656,97,5.88
1,16387,97,5.83
1,19118,97,5.86
1,21849,97,6.02
1,24580,97,6.09
1,27311,97,6.27
1,30042,97,5.55
1,32773,97,5.89
1,35504,97,5.17
1,38235,97,5.35
1,40966,97,4.97
1,43697,97,5.26
1,46428,97,5.96
1,49159,97,6.41
1,51890,97,6.33
1,54621,97,6.71
1,57352,97,6.41
1,60083,97,6.5
1,62814,97,5.99
1,65535,97,5.98
1,1,129,5.25
1,2732,129,5.32
1,5463,129,5.9
1,8194,129,6.16
1,10925,129,5.38
1,13656,129,5.5
1,16387,129,5.49
1,19118,129,5.19
1,21849,129,5.38
1,24580,129,5.34
1,27311,129,5.7
1,30042,129,4.96
1,32773,129,5.73
1,35504,129,4.75
1,38235,129,5.09
1,40966,129,4.39
1,43697,129,4.63
1,46428,129,5.49
1,49159,129,5.88
1,51890,129,6.23
1,54621,129,6.24
1,57352,129,6.31
1,60083,129,5.64
1,62814,129,5.37
1,65535,129,5.39
1,1,161,4.85
1,2732,161,4.79
1,5463,161,5.27
1,8194,161,5.58
1,10925,161,4.91
1,13656,161,5.04
1,16387,161,4.97
1,19118,161,4.72
1,21849,161,4.76
1,24580,161,4.76
1,27311,161,5.22
1,30042,161,4.63
1,32773,161,5.44
1,35504,161,4.56
1,38235,161,4.66
1,40966,161,4.18
1,43697,161,4.4
1,46428,161,4.7
1,49159,161,5.35
1,51890,161,5.57
1,54621,161,5.79
1,57352,161,5.48
1,60083,161,5.02
1,62814,161,4.65
1,65535,161,4.64
1,1,193,4.05
1,2732,193,4.36
1,5463,193,4.74
1,8194,193,5.23
1,10925,193,5.08
1,13656,193,4.54
1,16387,193,4.41
1,19118,193,4.21
1,21849,193,4.46
1,24580,193,4.38
1,27311,193,4.69
1,30042,193,4.55
1,32773,193,5.04
1,35504,193,4.37
1,38235,193,4.21
1,40966,193,4.07
1,43697,193,3.91
1,46428,193,4.22
1,49159,193,4.6
1,51890,193,5.28
1,54621,193,5.43
1,57352,193,4.96
1,60083,193,4.46
1,62814,193,4.16
1,65535,193,4.01
1,1,225,3.85
1,2732,225,3.89
1,5463,225,4.41
1,8194,225,4.91
1,10925,225,5.01
1,13656,225,4.27
1,16387,225,4.18
1,19118,225,4.0
1,21849,225,3.87
1,24580,225,4.17
1,27311,225,4.44
1,30042,225,4.22
1,32773,225,4.83
1,35504,225,4.2
1,38235,225,4.17
1,40966,225,4.0
1,43697,225,3.81
1,46428,225,3.99
1,49159,225,4.43
1,51890,225,5.1
1,54621,225,5.24
1,57352,225,4.67
1,60083,225,4.22
1,62814,225,4.18
1,65535,225,3.88
1,1,255,3.49
1,2732,255,3.71
1,5463,255,4.03
1,8194,255,1.43
1,10925,255,0.87
1,13656,255,3.94
1,16387,255,3.98
1,19118,255,3.53
1,21849,255,3.58
1,24580,255,3.62
1,27311,255,3.87
1,30042,255,4.01
1,32773,255,4.38
1,35504,255,4.03
1,38235,255,3.81
1,40966,255,3.45
1,43697,255,3.42
1,46428,255,3.65
1,49159,255,4.1
1,51890,255,4.94
1,54621,255,4.92
1,57352,255,4.44
1,60083,255,3.94
1,62814,255,3.87
1,65535,255,3.42
33,1,1,1.58
33,2732,1,2.47
33,5463,1,1.54
33,8194,1,1.79
33,10925,1,1.34
33,13656,1,1.45
33,16387,1,1.53
33,19118,1,1.51
33,21849,1,1.51
33,24580,1,1.51
33,27311,1,1.53
33,30042,1,1.79
33,32773,1,1.48
33,35504,1,6.84
33,38235,1,1.35
33,40966,1,1.4
33,43697,1,1.54
33,46428,1,1.78
33,49159,1,1.73
33,51890,1,1.45
33,54621,1,1.39
33,57352,1,1.41
33,60083,1,1.55
33,62814,1,1.54
33,65535,1,1.49
33,1,33,1.39
33,2732,33,1.47
33,5463,33,3.67
33,8194,33,1.4
33,10925,33,4.62
33,13656,33,1.38
33,16387,33,1.38
33,19118,33,1.32
33,21849,33,1.38
33,24580,33,1.53
33,27311,33,1.37
33,30042,33,1.37
33,32773,33,1.34
33,35504,33,1.38
33,38235,33,2.27
33,40966,33,1.38
33,43697,33,1.35
33,46428,33,1.42
33,49159,33,1.42
33,51890,33,1.39
33,54621,33,1.37
33,57352,33,1.42
33,60083,33,1.48
33,62814,33,1.39
33,65535,33,1.45
33,1,65,1.45
33,2732,65,3.91
33,5463,65,1.36
33,8194,65,1.38
33,10925,65,1.41
33,13656,65,1.79
33,16387,65,1.26
33,19118,65,1.28
33,21849,65,1.3
33,24580,65,1.38
33,27311,65,1.62
33,30042,65,1.62
33,32773,65,1.26
33,35504,65,2.06
33,38235,65,1.35
33,40966,65,1.35
33,43697,65,1.29
33,46428,65,1.41
33,49159,65,1.47
33,51890,65,1.33
33,54621,65,1.4
33,57352,65,3.82
33,60083,65,1.55
33,62814,65,1.68
33,65535,65,1.51
33,1,97,1.26
33,2732,97,1.42
33,5463,97,1.26
33,8194,97,1.27
33,10925,97,1.28
33,13656,97,1.5
33,16387,97,1.29
33,19118,97,1.29
33,21849,97,1.21
33,24580,97,3.6
33,27311,97,1.41
33,30042,97,2.03
33,32773,97,1.34
33,35504,97,1.14
33,38235,97,1.25
33,40966,97,1.3
33,43697,97,1.14
33,46428,97,1.31
33,49159,97,1.2
33,51890,97,4.92
33,54621,97,1.25
33,57352,97,1.29
33,60083,97,1.25
33,62814,97,1.27
33,65535,97,1.41
33,1,129,1.41
33,2732,129,1.2
33,5463,129,1.2
33,8194,129,1.33
33,10925,129,1.23
33,13656,129,1.34
33,16387,129,1.19
33,19118,129,1.16
33,21849,129,1.19
33,24580,129,1.41
33,27311,129,1.41
33,30042,129,1.13
33,32773,129,1.29
33,35504,129,1.05
33,38235,129,1.19
33,40966,129,1.14
33,43697,129,1.11
33,46428,129,1.11
33,49159,129,1.29
33,51890,129,1.31
33,54621,129,1.29
33,57352,129,1.24
33,60083,129,1.41
33,62814,129,5.06
33,65535,129,1.24
33,1,161,1.09
33,2732,161,1.18
33,5463,161,1.17
33,8194,161,1.34
33,10925,161,1.14
33,13656,161,1.12
33,16387,161,1.34
33,19118,161,1.13
33,21849,161,1.13
33,24580,161,1.12
33,27311,161,1.21
33,30042,161,1.23
33,32773,161,1.08
33,35504,161,1.17
33,38235,161,1.14
33,40966,161,1.04
33,43697,161,1.26
33,46428,161,1.24
33,49159,161,1.35
33,51890,161,1.41
33,54621,161,1.22
33,57352,161,1.21
33,60083,161,1.13
33,62814,161,1.09
33,65535,161,1.12
33,1,193,1.16
33,2732,193,4.32
33,5463,193,1.15
33,8194,193,3.79
33,10925,193,1.18
33,13656,193,1.09
33,16387,193,1.11
33,19118,193,1.06
33,21849,193,1.02
33,24580,193,1.02
33,27311,193,1.05
33,30042,193,3.4
33,32773,193,1.14
33,35504,193,1.08
33,38235,193,1.27
33,40966,193,1.05
33,43697,193,1.01
33,46428,193,1.09
33,49159,193,1.07
33,51890,193,2.46
33,54621,193,1.13
33,57352,193,1.15
33,60083,193,1.36
33,62814,193,1.0
33,65535,193,1.2
33,1,225,1.02
33,2732,225,3.67
33,5463,225,1.18
33,8194,225,1.04
33,10925,225,1.1
33,13656,225,0.99
33,16387,225,0.97
33,19118,225,0.97
33,21849,225,0.99
33,24580,225,3.91
33,27311,225,1.07
33,30042,225,3.18
33,32773,225,1.07
33,35504,225,1.14
33,38235,225,1.15
33,40966,225,1.15
33,43697,225,0.98
33,46428,225,3.84
33,49159,225,1.05
33,51890,225,3.7
33,54621,225,1.26
33,57352,225,1.13
33,60083,225,1.1
33,62814,225,1.12
33,65535,225,0.98
33,1,255,0.82
33,2732,255,0.8
33,5463,255,1.2
33,8194,255,4.22
33,10925,255,0.92
33,13656,255,0.99
33,16387,255,1.01
33,19118,255,2.1
33,21849,255,0.87
33,24580,255,0.89
33,27311,255,0.87
33,30042,255,0.8
33,32773,255,0.98
33,35504,255,1.18
33,38235,255,0.83
33,40966,255,2.34
33,43697,255,0.79
33,46428,255,0.79
33,49159,255,0.92
33,51890,255,0.89
33,54621,255,1.31
33,57352,255,0.9
33,60083,255,0.82
33,62814,255,2.75
33,65535,255,0.84
65,1,1,2.42
65,2732,1,8.0
65,5463,1,2.39
65,8194,1,2.62
65,10925,1,2.15
65,13656,1,2.15
65,16387,1,2.32
65,19118,1,2.44
65,21849,1,2.38
65,24580,1,2.39
65,27311,1,2.48
65,30042,1,2.36
65,32773,1,2.26
65,35504,1,2.26
65,38235,1,2.19
65,40966,1,2.17
65,43697,1,2.18
65,46428,1,2.18
65,49159,1,2.48
65,51890,1,2.36
65,54621,1,2.33
65,57352,1,2.33
65,60083,1,2.57
65,62814,1,3.83
65,65535,1,2.4
65,1,33,2.4
65,2732,33,2.23
65,5463,33,2.19
65,8194,33,2.2
65,10925,33,1.93
65,13656,33,2.17
65,16387,33,5.01
65,19118,33,2.22
65,21849,33,2.82
65,24580,33,2.29
65,27311,33,2.27
65,30042,33,2.16
65,32773,33,5.64
65,35504,33,1.95
65,38235,33,5.2
65,40966,33,1.96
65,43697,33,2.6
65,46428,33,2.14
65,49159,33,6.93
65,51890,33,2.15
65,54621,33,5.31
65,57352,33,2.28
65,60083,33,2.52
65,62814,33,2.25
65,65535,33,2.25
65,1,65,2.09
65,2732,65,2.09
65,5463,65,2.25
65,8194,65,6.55
65,10925,65,1.88
65,13656,65,2.01
65,16387,65,2.17
65,19118,65,2.17
65,21849,65,2.11
65,24580,65,6.95
65,27311,65,2.09
65,30042,65,2.44
65,32773,65,2.09
65,35504,65,5.09
65,38235,65,1.91
65,40966,65,1.89
65,43697,65,1.86
65,46428,65,2.12
65,49159,65,2.28
65,51890,65,2.28
65,54621,65,2.1
65,57352,65,2.08
65,60083,65,2.25
65,62814,65,2.11
65,65535,65,2.1
65,1,97,1.9
65,2732,97,1.97
65,5463,97,2.0
65,8194,97,2.01
65,10925,97,4.98
65,13656,97,1.89
65,16387,97,1.94
65,19118,97,1.95
65,21849,97,2.14
65,24580,97,2.14
65,27311,97,1.95
65,30042,97,1.95
65,32773,97,1.94
65,35504,97,1.71
65,38235,97,1.72
65,40966,97,1.7
65,43697,97,1.73
65,46428,97,2.21
65,49159,97,2.04
65,51890,97,2.01
65,54621,97,2.07
65,57352,97,2.21
65,60083,97,2.04
65,62814,97,1.98
65,65535,97,1.95
65,1,129,1.89
65,2732,129,1.76
65,5463,129,1.92
65,8194,129,1.92
65,10925,129,1.81
65,13656,129,1.84
65,16387,129,1.85
65,19118,129,5.44
65,21849,129,1.82
65,24580,129,5.44
65,27311,129,1.94
65,30042,129,1.68
65,32773,129,1.87
65,35504,129,2.31
65,38235,129,1.7
65,40966,129,1.78
65,43697,129,1.64
65,46428,129,1.78
65,49159,129,1.85
65,51890,129,1.95
65,54621,129,2.03
65,57352,129,2.03
65,60083,129,1.86
65,62814,129,1.83
65,65535,129,1.76
65,1,161,1.59
65,2732,161,1.82
65,5463,161,1.82
65,8194,161,1.86
65,10925,161,1.66
65,13656,161,1.73
65,16387,161,1.71
65,19118,161,1.7
65,21849,161,1.7
65,24580,161,1.67
65,27311,161,1.85
65,30042,161,1.71
65,32773,161,1.76
65,35504,161,1.7
65,38235,161,1.61
65,40966,161,1.46
65,43697,161,1.52
65,46428,161,1.65
65,49159,161,1.76
65,51890,161,1.82
65,54621,161,1.91
65,57352,161,1.76
65,60083,161,4.89
65,62814,161,1.72
65,65535,161,1.57
65,1,193,1.41
65,2732,193,2.36
65,5463,193,1.63
65,8194,193,1.69
65,10925,193,1.76
65,13656,193,1.76
65,16387,193,1.56
65,19118,193,1.43
65,21849,193,1.7
65,24580,193,3.23
65,27311,193,1.64
65,30042,193,2.01
65,32773,193,1.71
65,35504,193,4.23
65,38235,193,1.74
65,40966,193,1.47
65,43697,193,1.47
65,46428,193,1.42
65,49159,193,1.42
65,51890,193,1.8
65,54621,193,1.88
65,57352,193,1.69
65,60083,193,1.69
65,62814,193,1.41
65,65535,193,1.41
65,1,225,1.41
65,2732,225,1.49
65,5463,225,3.7
65,8194,225,1.77
65,10925,225,1.77
65,13656,225,1.52
65,16387,225,3.48
65,19118,225,1.4
65,21849,225,1.4
65,24580,225,1.46
65,27311,225,1.46
65,30042,225,1.5
65,32773,225,2.71
65,35504,225,1.53
65,38235,225,1.46
65,40966,225,1.47
65,43697,225,1.42
65,46428,225,1.53
65,49159,225,1.53
65,51890,225,1.71
65,54621,225,1.76
65,57352,225,1.62
65,60083,225,1.58
65,62814,225,1.5
65,65535,225,1.85
65,1,255,1.35
65,2732,255,1.35
65,5463,255,1.34
65,8194,255,3.42
65,10925,255,1.45
65,13656,255,1.27
65,16387,255,1.36
65,19118,255,1.34
65,21849,255,1.36
65,24580,255,1.26
65,27311,255,1.36
65,30042,255,1.22
65,32773,255,1.4
65,35504,255,1.4
65,38235,255,1.24
65,40966,255,1.24
65,43697,255,1.27
65,46428,255,1.21
65,49159,255,1.36
65,51890,255,1.36
65,54621,255,1.41
65,57352,255,1.38
65,60083,255,1.26
65,62814,255,2.56
65,65535,255,1.25
97,1,1,3.35
97,2732,1,3.43
97,5463,1,3.43
97,8194,1,3.3
97,10925,1,3.11
97,13656,1,3.24
97,16387,1,3.23
97,19118,1,3.55
97,21849,1,3.38
97,24580,1,3.57
97,27311,1,3.44
97,30042,1,3.18
97,32773,1,3.2
97,35504,1,2.9
97,38235,1,2.99
97,40966,1,3.16
97,43697,1,3.01
97,46428,1,3.44
97,49159,1,3.58
97,51890,1,3.27
97,54621,1,3.27
97,57352,1,3.53
97,60083,1,3.57
97,62814,1,3.67
97,65535,1,3.36
97,1,33,3.03
97,2732,33,3.03
97,5463,33,3.09
97,8194,33,3.21
97,10925,33,2.68
97,13656,33,2.79
97,16387,33,2.81
97,19118,33,3.04
97,21849,33,3.02
97,24580,33,3.16
97,27311,33,3.13
97,30042,33,3.13
97,32773,33,2.87
97,35504,33,2.64
97,38235,33,2.77
97,40966,33,2.77
97,43697,33,2.79
97,46428,33,5.33
97,49159,33,3.14
97,51890,33,3.37
97,54621,33,3.09
97,57352,33,3.1
97,60083,33,3.37
97,62814,33,3.12
97,65535,33,2.97
97,1,65,2.9
97,2732,65,2.96
97,5463,65,3.25
97,8194,65,2.88
97,10925,65,2.88
97,13656,65,2.75
97,16387,65,2.75
97,19118,65,2.85
97,21849,65,2.81
97,24580,65,3.09
97,27311,65,3.09
97,30042,65,2.83
97,32773,65,2.83
97,35504,65,2.47
97,38235,65,2.47
97,40966,65,2.55
97,43697,65,2.52
97,46428,65,3.17
97,49159,65,4.21
97,51890,65,2.83
97,54621,65,6.93
97,57352,65,2.99
97,60083,65,2.99
97,62814,65,2.97
97,65535,65,2.97
97,1,97,2.65
97,2732,97,2.65
97,5463,97,2.77
97,8194,97,6.2
97,10925,97,2.45
97,13656,97,2.58
97,16387,97,2.56
97,19118,97,2.61
97,21849,97,2.62
97,24580,97,2.62
97,27311,97,2.72
97,30042,97,2.39
97,32773,97,2.6
97,35504,97,2.29
97,38235,97,2.37
97,40966,97,2.25
97,43697,97,2.31
97,46428,97,2.66
97,49159,97,2.82
97,51890,97,2.82
97,54621,97,2.96
97,57352,97,2.96
97,60083,97,2.81
97,62814,97,2.62
97,65535,97,2.89
97,1,129,2.34
97,2732,129,2.39
97,5463,129,2.64
97,8194,129,2.75
97,10925,129,2.42
97,13656,129,2.77
97,16387,129,2.49
97,19118,129,2.33
97,21849,129,2.41
97,24580,129,2.52
97,27311,129,2.59
97,30042,129,2.29
97,32773,129,2.51
97,35504,129,3.34
97,38235,129,2.32
97,40966,129,2.03
97,43697,129,2.12
97,46428,129,2.47
97,49159,129,2.8
97,51890,129,2.63
97,54621,129,2.74
97,57352,129,2.72
97,60083,129,2.55
97,62814,129,2.55
97,65535,129,2.35
97,1,161,2.35
97,2732,161,2.19
97,5463,161,2.19
97,8194,161,2.52
97,10925,161,2.72
97,13656,161,2.35
97,16387,161,2.36
97,19118,161,2.17
97,21849,161,3.4
97,24580,161,2.19
97,27311,161,2.19
97,30042,161,2.18
97,32773,161,2.38
97,35504,161,2.15
97,38235,161,2.15
97,40966,161,1.97
97,43697,161,2.04
97,46428,161,2.24
97,49159,161,2.29
97,51890,161,2.54
97,54621,161,2.57
97,57352,161,2.45
97,60083,161,2.3
97,62814,161,2.1
97,65535,161,2.1
97,1,193,1.85
97,2732,193,4.15
97,5463,193,2.21
97,8194,193,3.69
97,10925,193,2.42
97,13656,193,2.42
97,16387,193,2.01
97,19118,193,2.02
97,21849,193,2.06
97,24580,193,1.96
97,27311,193,2.15
97,30042,193,2.15
97,32773,193,2.31
97,35504,193,2.08
97,38235,193,2.02
97,40966,193,1.93
97,43697,193,1.95
97,46428,193,1.95
97,49159,193,2.13
97,51890,193,2.41
97,54621,193,2.6
97,57352,193,2.3
97,60083,193,2.07
97,62814,193,2.07
97,65535,193,2.0
97,1,225,1.81
97,2732,225,1.91
97,5463,225,4.55
97,8194,225,2.21
97,10925,225,2.44
97,13656,225,2.14
97,16387,225,1.98
97,19118,225,1.86
97,21849,225,1.96
97,24580,225,1.92
97,27311,225,2.09
97,30042,225,2.14
97,32773,225,2.21
97,35504,225,1.99
97,38235,225,2.12
97,40966,225,1.82
97,43697,225,1.79
97,46428,225,1.89
97,49159,225,2.02
97,51890,225,2.3
97,54621,225,5.42
97,57352,225,2.18
97,60083,225,2.38
97,62814,225,1.87
97,65535,225,1.8
97,1,255,1.61
97,2732,255,2.82
97,5463,255,1.98
97,8194,255,1.98
97,10925,255,1.92
97,13656,255,1.76
97,16387,255,1.67
97,19118,255,1.61
97,21849,255,1.62
97,24580,255,3.89
97,27311,255,1.97
97,30042,255,4.06
97,32773,255,1.91
97,35504,255,1.75
97,38235,255,1.77
97,40966,255,1.51
97,43697,255,1.64
97,46428,255,1.66
97,49159,255,2.07
97,51890,255,2.07
97,54621,255,2.19
97,57352,255,2.61
97,60083,255,1.8
97,62814,255,1.62
97,65535,255,1.66
129,1,1,4.31
129,2732,1,4.43
129,5463,1,4.42
129,8194,1,3.93
129,10925,1,3.9
129,13656,1,4.08
129,16387,1,4.21
129,19118,1,4.33
129,21849,1,4.43
129,24580,1,4.14
129,27311,1,4.27
129,30042,1,4.12
129,32773,1,4.16
129,35504,1,3.66
129,38235,1,3.77
129,40966,1,3.9
129,43697,1,3.8
129,46428,1,0.82
129,49159,1,4.69
129,51890,1,4.69
129,54621,1,4.24
129,57352,1,4.43
129,60083,1,4.57
129,62814,1,4.43
129,65535,1,4.6
129,1,33,3.91
129,2732,33,4.01
129,5463,33,4.03
129,8194,33,3.88
129,10925,33,3.14
129,13656,33,3.74
129,16387,33,3.71
129,19118,33,3.94
129,21849,33,3.94
129,24580,33,3.99
129,27311,33,4.08
129,30042,33,3.82
129,32773,33,3.69
129,35504,33,3.32
129,38235,33,3.52
129,40966,33,3.42
129,43697,33,3.48
129,46428,33,3.96
129,49159,33,3.96
129,51890,33,3.83
129,54621,33,3.88
129,57352,33,3.98
129,60083,33,3.92
129,62814,33,4.08
129,65535,33,4.08
129,1,65,3.7
129,2732,65,3.79
129,5463,65,3.81
129,8194,65,3.65
129,10925,65,3.19
129,13656,65,3.24
129,16387,65,3.6
129,19118,65,3.6
129,21849,65,3.73
129,24580,65,3.81
129,27311,65,3.88
129,30042,65,3.37
129,32773,65,3.48
129,35504,65,3.13
129,38235,65,3.5
129,40966,65,3.19
129,43697,65,3.26
129,46428,65,3.77
129,49159,65,3.89
129,51890,65,3.89
129,54621,65,3.77
129,57352,65,0.67
129,60083,65,4.01
129,62814,65,3.85
129,65535,65,3.73
129,1,97,3.39
129,2732,97,3.38
129,5463,97,3.52
129,8194,97,3.62
129,10925,97,3.62
129,13656,97,3.21
129,16387,97,3.3
129,19118,97,3.31
129,21849,97,3.35
129,24580,97,3.5
129,27311,97,3.47
129,30042,97,3.58
129,32773,97,3.35
129,35504,97,2.91
129,38235,97,2.71
129,40966,97,2.81
129,43697,97,2.93
129,46428,97,3.35
129,49159,97,3.51
129,51890,97,3.47
129,54621,97,3.56
129,57352,97,3.56
129,60083,97,3.5
129,62814,97,3.37
129,65535,97,3.38
129,1,129,2.94
129,2732,129,0.75
129,5463,129,3.39
129,8194,129,3.44
129,10925,129,3.21
129,13656,129,3.04
129,16387,129,3.1
129,19118,129,3.1
129,21849,129,2.97
129,24580,129,3.0
129,27311,129,3.45
129,30042,129,3.45
129,32773,129,3.08
129,35504,129,3.08
129,38235,129,2.88
129,40966,129,2.48
129,43697,129,2.62
129,46428,129,2.62
129,49159,129,3.25
129,51890,129,2.13
129,54621,129,3.42
129,57352,129,3.33
129,60083,129,3.12
129,62814,129,2.52
129,65535,129,3.24
129,1,161,3.24
129,2732,161,2.65
129,5463,161,2.99
129,8194,161,3.15
129,10925,161,2.75
129,13656,161,2.89
129,16387,161,2.83
129,19118,161,2.69
129,21849,161,2.67
129,24580,161,2.69
129,27311,161,2.93
129,30042,161,2.93
129,32773,161,3.0
129,35504,161,2.6
129,38235,161,2.6
129,40966,161,2.3
129,43697,161,2.47
129,46428,161,3.0
129,49159,161,3.0
129,51890,161,3.0
129,54621,161,3.17
129,57352,161,3.07
129,60083,161,3.07
129,62814,161,2.73
129,65535,161,2.63
129,1,193,2.35
129,2732,193,2.43
129,5463,193,2.73
129,8194,193,2.91
129,10925,193,2.94
129,13656,193,1.18
129,16387,193,2.65
129,19118,193,2.45
129,21849,193,2.48
129,24580,193,2.67
129,27311,193,2.79
129,30042,193,2.64
129,32773,193,2.84
129,35504,193,2.84
129,38235,193,2.45
129,40966,193,2.28
129,43697,193,2.34
129,46428,193,2.42
129,49159,193,2.79
129,51890,193,2.92
129,54621,193,3.13
129,57352,193,2.74
129,60083,193,2.59
129,62814,193,2.37
129,65535,193,2.35
129,1,225,2.35
129,2732,225,2.37
129,5463,225,2.37
129,8194,225,2.77
129,10925,225,2.78
129,13656,225,2.48
129,16387,225,2.39
129,19118,225,2.27
129,21849,225,2.22
129,24580,225,2.66
129,27311,225,2.41
129,30042,225,2.48
129,32773,225,2.71
129,35504,225,2.39
129,38235,225,2.42
129,40966,225,2.3
129,43697,225,1.4
129,46428,225,2.31
129,49159,225,2.55
129,51890,225,2.83
129,54621,225,2.83
129,57352,225,2.75
129,60083,225,2.16
129,62814,225,2.31
129,65535,225,2.31
129,1,255,2.0
129,2732,255,2.09
129,5463,255,2.33
129,8194,255,2.5
129,10925,255,2.62
129,13656,255,2.62
129,16387,255,2.09
129,19118,255,2.07
129,21849,255,1.97
129,24580,255,2.05
129,27311,255,2.32
129,30042,255,2.16
129,32773,255,2.39
129,35504,255,2.39
129,38235,255,2.14
129,40966,255,1.37
129,43697,255,2.04
129,46428,255,2.02
129,49159,255,2.33
129,51890,255,2.68
129,54621,255,2.68
129,57352,255,2.44
129,60083,255,2.23
129,62814,255,2.14
129,65535,255,2.21
161,1,1,5.16
161,2732,1,5.16
161,5463,1,5.21
161,8194,1,5.0
161,10925,1,4.66
161,13656,1,4.88
161,16387,1,5.05
161,19118,1,5.02
161,21849,1,5.21
161,24580,1,5.27
161,27311,1,5.25
161,30042,1,5.25
161,32773,1,4.79
161,35504,1,4.4
161,38235,1,4.63
161,40966,1,4.57
161,43697,1,4.72
161,46428,1,5.15
161,49159,1,5.31
161,51890,1,5.31
161,54621,1,5.04
161,57352,1,5.19
161,60083,1,5.43
161,62814,1,5.31
161,65535,1,5.29
161,1,33,4.69
161,2732,33,4.83
161,5463,33,0.84
161,8194,33,4.71
161,10925,33,3.27
161,13656,33,4.43
161,16387,33,4.43
161,19118,33,4.63
161,21849,33,3.23
161,24580,33,4.97
161,27311,33,4.97
161,30042,33,4.62
161,32773,33,4.54
161,35504,33,4.07
161,38235,33,4.14
161,40966,33,4.35
161,43697,33,4.13
161,46428,33,4.79
161,49159,33,4.94
161,51890,33,4.57
161,54621,33,4.57
161,57352,33,4.84
161,60083,33,5.12
161,62814,33,5.1
161,65535,33,4.75
161,1,65,4.51
161,2732,65,4.62
161,5463,65,4.53
161,8194,65,4.02
161,10925,65,3.94
161,13656,65,4.08
161,16387,65,4.23
161,19118,65,4.23
161,21849,65,4.38
161,24580,65,3.86
161,27311,65,4.56
161,30042,65,4.56
161,32773,65,4.21
161,35504,65,4.21
161,38235,65,3.78
161,40966,65,3.78
161,43697,65,3.81
161,46428,65,3.81
161,49159,65,4.48
161,51890,65,4.27
161,54621,65,4.39
161,57352,65,4.25
161,60083,65,4.83
161,62814,65,4.49
161,65535,65,4.55
161,1,97,3.96
161,2732,97,4.23
161,5463,97,4.21
161,8194,97,4.43
161,10925,97,4.43
161,13656,97,3.89
161,16387,97,3.89
161,19118,97,4.0
161,21849,97,3.95
161,24580,97,3.95
161,27311,97,4.18
161,30042,97,3.73
161,32773,97,3.71
161,35504,97,2.73
161,38235,97,3.59
161,40966,97,3.45
161,43697,97,3.42
161,46428,97,4.04
161,49159,97,4.42
161,51890,97,1.72
161,54621,97,4.16
161,57352,97,4.16
161,60083,97,4.2
161,62814,97,3.98
161,65535,97,4.19
161,1,129,3.54
161,2732,129,3.57
161,5463,129,1.29
161,8194,129,4.16
161,10925,129,3.64
161,13656,129,3.76
161,16387,129,3.76
161,19118,129,3.56
161,21849,129,3.62
161,24580,129,3.63
161,27311,129,3.85
161,30042,129,3.36
161,32773,129,3.36
161,35504,129,3.29
161,38235,129,2.98
161,40966,129,3.06
161,43697,129,3.08
161,46428,129,3.58
161,49159,129,0.97
161,51890,129,4.08
161,54621,129,4.14
161,57352,129,4.03
161,60083,129,4.03
161,62814,129,3.67
161,65535,129,3.5
161,1,161,3.32
161,2732,161,3.32
161,5463,161,3.54
161,8194,161,3.77
161,10925,161,3.5
161,13656,161,3.39
161,16387,161,3.49
161,19118,161,3.21
161,21849,161,3.24
161,24580,161,1.9
161,27311,161,3.76
161,30042,161,3.19
161,32773,161,3.86
161,35504,161,3.15
161,38235,161,3.38
161,40966,161,2.51
161,43697,161,2.9
161,46428,161,2.9
161,49159,161,3.51
161,51890,161,3.77
161,54621,161,3.87
161,57352,161,3.6
161,60083,161,3.34
161,62814,161,3.1
161,65535,161,3.18
161,1,193,3.18
161,2732,193,2.89
161,5463,193,2.89
161,8194,193,3.56
161,10925,193,3.41
161,13656,193,3.21
161,16387,193,3.08
161,19118,193,2.87
161,21849,193,2.57
161,24580,193,3.0
161,27311,193,3.27
161,30042,193,3.06
161,32773,193,3.4
161,35504,193,3.0
161,38235,193,2.92
161,40966,193,2.77
161,43697,193,2.71
161,46428,193,2.82
161,49159,193,2.82
161,51890,193,3.74
161,54621,193,3.5
161,57352,193,3.37
161,60083,193,3.37
161,62814,193,2.76
161,65535,193,2.82
161,1,225,2.65
161,2732,225,2.74
161,5463,225,3.19
161,8194,225,3.27
161,10925,225,3.27
161,13656,225,2.96
161,16387,225,2.85
161,19118,225,2.85
161,21849,225,2.62
161,24580,225,2.77
161,27311,225,3.03
161,30042,225,3.03
161,32773,225,3.27
161,35504,225,2.37
161,38235,225,2.79
161,40966,225,2.55
161,43697,225,2.78
161,46428,225,2.63
161,49159,225,3.0
161,51890,225,3.39
161,54621,225,3.55
161,57352,225,3.55
161,60083,225,3.0
161,62814,225,3.0
161,65535,225,2.65
161,1,255,2.4
161,2732,255,2.47
161,5463,255,2.64
161,8194,255,3.03
161,10925,255,3.03
161,13656,255,2.62
161,16387,255,2.62
161,19118,255,2.39
161,21849,255,2.43
161,24580,255,2.76
161,27311,255,2.67
161,30042,255,2.5
161,32773,255,2.5
161,35504,255,2.63
161,38235,255,2.55
161,40966,255,2.31
161,43697,255,2.27
161,46428,255,2.52
161,49159,255,2.7
161,51890,255,3.1
161,54621,255,0.93
161,57352,255,2.95
161,60083,255,2.74
161,62814,255,2.41
161,65535,255,2.41
193,1,1,6.06
193,2732,1,6.15
193,5463,1,6.07
193,8194,1,6.07
193,10925,1,5.43
193,13656,1,5.43
193,16387,1,5.94
193,19118,1,6.03
193,21849,1,6.14
193,24580,1,6.14
193,27311,1,6.14
193,30042,1,5.57
193,32773,1,5.66
193,35504,1,5.66
193,38235,1,5.36
193,40966,1,5.37
193,43697,1,5.43
193,46428,1,6.12
193,49159,1,6.19
193,51890,1,6.19
193,54621,1,5.92
193,57352,1,6.08
193,60083,1,6.35
193,62814,1,6.35
193,65535,1,6.2
193,1,33,5.52
193,2732,33,5.73
193,5463,33,5.67
193,8194,33,5.48
193,10925,33,4.85
193,13656,33,5.17
193,16387,33,2.38
193,19118,33,5.46
193,21849,33,5.6
193,24580,33,5.71
193,27311,33,5.71
193,30042,33,5.3
193,32773,33,5.28
193,35504,33,4.58
193,38235,33,4.82
193,40966,33,5.04
193,43697,33,4.83
193,46428,33,5.67
193,49159,33,5.76
193,51890,33,5.36
193,54621,33,5.36
193,57352,33,5.63
193,60083,33,5.85
193,62814,33,5.65
193,65535,33,5.65
193,1,65,5.17
193,2732,65,5.24
193,5463,65,5.32
193,8194,65,5.17
193,10925,65,4.38
193,13656,65,4.78
193,16387,65,4.9
193,19118,65,5.13
193,21849,65,5.24
193,24580,65,5.25
193,27311,65,5.31
193,30042,65,4.92
193,32773,65,4.95
193,35504,65,4.25
193,38235,65,4.49
193,40966,65,4.4
193,43697,65,4.52
193,46428,65,5.25
193,49159,65,5.34
193,51890,65,4.99
193,54621,65,5.11
193,57352,65,5.18
193,60083,65,5.59
193,62814,65,5.29
193,65535,65,5.24
193,1,97,4.59
193,2732,97,4.77
193,5463,97,4.97
193,8194,97,4.95
193,10925,97,4.2
193,13656,97,4.55
193,16387,97,4.64
193,19118,97,4.66
193,21849,97,4.72
193,24580,97,4.78
193,27311,97,4.88
193,30042,97,4.31
193,32773,97,4.75
193,35504,97,4.03
193,38235,97,4.24
193,40966,97,4.06
193,43697,97,4.08
193,46428,97,4.68
193,49159,97,4.93
193,51890,97,4.89
193,54621,97,5.01
193,57352,97,4.91
193,60083,97,5.02
193,62814,97,4.79
193,65535,97,4.73
193,1,129,4.19
193,2732,129,4.24
193,5463,129,4.59
193,8194,129,4.72
193,10925,129,4.19
193,13656,129,4.42
193,16387,129,4.41
193,19118,129,4.14
193,21849,129,4.31
193,24580,129,4.06
193,27311,129,4.52
193,30042,129,3.91
193,32773,129,4.39
193,35504,129,3.79
193,38235,129,3.98
193,40966,129,3.5
193,43697,129,3.65
193,46428,129,4.11
193,49159,129,4.61
193,51890,129,4.88
193,54621,129,4.95
193,57352,129,4.64
193,60083,129,4.43
193,62814,129,4.1
193,65535,129,4.17
193,1,161,3.66
193,2732,161,3.71
193,5463,161,4.1
193,8194,161,4.4
193,10925,161,3.82
193,13656,161,4.01
193,16387,161,3.85
193,19118,161,3.78
193,21849,161,3.75
193,24580,161,3.78
193,27311,161,4.14
193,30042,161,3.72
193,32773,161,4.29
193,35504,161,3.7
193,38235,161,3.66
193,40966,161,3.38
193,43697,161,3.37
193,46428,161,3.76
193,49159,161,4.07
193,51890,161,4.34
193,54621,161,4.55
193,57352,161,4.31
193,60083,161,3.94
193,62814,161,3.67
193,65535,161,3.59
193,1,193,3.21
193,2732,193,3.38
193,5463,193,3.75
193,8194,193,4.05
193,10925,193,4.07
193,13656,193,3.64
193,16387,193,3.54
193,19118,193,3.38
193,21849,193,3.3
193,24580,193,3.48
193,27311,193,3.8
193,30042,193,3.52
193,32773,193,3.94
193,35504,193,3.46
193,38235,193,3.52
193,40966,193,3.25
193,43697,193,3.23
193,46428,193,3.42
193,49159,193,3.6
193,51890,193,4.11
193,54621,193,4.3
193,57352,193,3.91
193,60083,193,3.52
193,62814,193,3.31
193,65535,193,3.23
193,1,225,3.12
193,2732,225,3.15
193,5463,225,3.54
193,8194,225,3.93
193,10925,225,3.83
193,13656,225,3.44
193,16387,225,3.34
193,19118,225,3.21
193,21849,225,3.14
193,24580,225,3.31
193,27311,225,3.51
193,30042,225,3.31
193,32773,225,3.79
193,35504,225,3.31
193,38235,225,3.22
193,40966,225,2.97
193,43697,225,3.07
193,46428,225,3.17
193,49159,225,3.51
193,51890,225,3.98
193,54621,225,4.13
193,57352,225,4.02
193,60083,225,3.35
193,62814,225,3.15
193,65535,225,3.06
193,1,255,2.8
193,2732,255,2.9
193,5463,255,3.19
193,8194,255,3.57
193,10925,255,3.52
193,13656,255,3.1
193,16387,255,2.98
193,19118,255,2.76
193,21849,255,2.82
193,24580,255,2.9
193,27311,255,3.02
193,30042,255,3.07
193,32773,255,3.46
193,35504,255,3.05
193,38235,255,2.95
193,40966,255,2.68
193,43697,255,2.79
193,46428,255,2.77
193,49159,255,3.21
193,51890,255,3.61
193,54621,255,3.86
193,57352,255,3.48
193,60083,255,3.13
193,62814,255,2.82
193,65535,255,2.75
225,1,1,7.05
225,2732,1,7.12
225,5463,1,7.09
225,8194,1,6.81
225,10925,1,6.23
225,13656,1,6.65
225,16387,1,6.77
225,19118,1,6.93
225,21849,1,7.05
225,24580,1,7.12
225,27311,1,7.08
225,30042,1,6.61
225,32773,1,6.41
225,35504,1,5.82
225,38235,1,5.99
225,40966,1,6.21
225,43697,1,6.32
225,46428,1,7.1
225,49159,1,7.12
225,51890,1,6.79
225,54621,1,6.84
225,57352,1,6.92
225,60083,1,7.35
225,62814,1,7.06
225,65535,1,7.02
225,1,33,6.38
225,2732,33,6.47
225,5463,33,6.54
225,8194,33,6.26
225,10925,33,5.46
225,13656,33,5.94
225,16387,33,6.07
225,19118,33,6.18
225,21849,33,6.38
225,24580,33,6.56
225,27311,33,6.59
225,30042,33,6.07
225,32773,33,6.12
225,35504,33,5.32
225,38235,33,5.56
225,40966,33,5.5
225,43697,33,5.46
225,46428,33,6.53
225,49159,33,6.62
225,51890,33,6.23
225,54621,33,6.39
225,57352,33,6.47
225,60083,33,6.76
225,62814,33,6.5
225,65535,33,6.34
225,1,65,5.97
225,2732,65,6.1
225,5463,65,6.08
225,8194,65,5.93
225,10925,65,4.99
225,13656,65,5.52
225,16387,65,5.64
225,19118,65,5.87
225,21849,65,5.95
225,24580,65,6.11
225,27311,65,6.12
225,30042,65,5.64
225,32773,65,5.69
225,35504,65,4.92
225,38235,65,5.09
225,40966,65,5.0
225,43697,65,5.2
225,46428,65,6.07
225,49159,65,6.17
225,51890,65,5.79
225,54621,65,5.88
225,57352,65,5.98
225,60083,65,6.41
225,62814,65,6.1
225,65535,65,5.99
225,1,97,5.19
225,2732,97,5.41
225,5463,97,5.62
225,8194,97,5.68
225,10925,97,4.82
225,13656,97,5.17
225,16387,97,5.24
225,19118,97,5.27
225,21849,97,5.43
225,24580,97,5.4
225,27311,97,5.58
225,30042,97,4.97
225,32773,97,5.27
225,35504,97,4.51
225,38235,97,4.69
225,40966,97,4.48
225,43697,97,4.62
225,46428,97,5.35
225,49159,97,5.6
225,51890,97,5.56
225,54621,97,5.58
225,57352,97,5.72
225,60083,97,5.65
225,62814,97,5.38
225,65535,97,5.38
225,1,129,4.72
225,2732,129,4.75
225,5463,129,5.22
225,8194,129,5.53
225,10925,129,4.76
225,13656,129,4.96
225,16387,129,4.95
225,19118,129,4.67
225,21849,129,4.72
225,24580,129,4.66
225,27311,129,5.17
225,30042,129,4.41
225,32773,129,5.06
225,35504,129,4.22
225,38235,129,4.51
225,40966,129,3.84
225,43697,129,4.08
225,46428,129,4.71
225,49159,129,5.28
225,51890,129,5.46
225,54621,129,5.61
225,57352,129,5.36
225,60083,129,5.11
225,62814,129,4.74
225,65535,129,4.82
225,1,161,4.21
225,2732,161,4.27
225,5463,161,4.74
225,8194,161,5.07
225,10925,161,4.38
225,13656,161,4.47
225,16387,161,4.39
225,19118,161,4.16
225,21849,161,4.29
225,24580,161,4.31
225,27311,161,4.66
225,30042,161,4.21
225,32773,161,4.67
225,35504,161,4.1
225,38235,161,4.19
225,40966,161,3.87
225,43697,161,3.84
225,46428,161,4.29
225,49159,161,4.63
225,51890,161,5.03
225,54621,161,5.23
225,57352,161,4.87
225,60083,161,4.47
225,62814,161,4.12
225,65535,161,4.16
225,1,193,3.71
225,2732,193,3.8
225,5463,193,4.24
225,8194,193,4.58
225,10925,193,4.58
225,13656,193,4.08
225,16387,193,3.96
225,19118,193,3.72
225,21849,193,3.73
225,24580,193,3.91
225,27311,193,4.19
225,30042,193,4.03
225,32773,193,4.53
225,35504,193,3.85
225,38235,193,3.96
225,40966,193,3.58
225,43697,193,3.51
225,46428,193,3.75
225,49159,193,4.1
225,51890,193,4.7
225,54621,193,4.89
225,57352,193,4.35
225,60083,193,3.93
225,62814,193,3.65
225,65535,193,3.63
225,1,225,3.51
225,2732,225,3.58
225,5463,225,3.99
225,8194,225,4.36
225,10925,225,4.41
225,13656,225,3.88
225,16387,225,3.72
225,19118,225,3.6
225,21849,225,3.47
225,24580,225,3.56
225,27311,225,3.93
225,30042,225,3.79
225,32773,225,4.22
225,35504,225,3.73
225,38235,225,3.71
225,40966,225,3.39
225,43697,225,3.47
225,46428,225,3.55
225,49159,225,3.96
225,51890,225,4.54
225,54621,225,4.73
225,57352,225,4.22
225,60083,225,3.87
225,62814,225,3.53
225,65535,225,3.49
225,1,255,3.1
225,2732,255,3.26
225,5463,255,3.56
225,8194,255,3.93
225,10925,255,4.0
225,13656,255,3.5
225,16387,255,3.29
225,19118,255,3.18
225,21849,255,3.09
225,24580,255,3.29
225,27311,255,3.36
225,30042,255,3.32
225,32773,255,3.81
225,35504,255,3.46
225,38235,255,3.62
225,40966,255,3.04
225,43697,255,3.21
225,46428,255,3.2
225,49159,255,3.62
225,51890,255,4.23
225,54621,255,4.39
225,57352,255,3.84
225,60083,255,3.59
225,62814,255,3.26
225,65535,255,3.12
255,1,1,7.91
255,2732,1,8.12
255,5463,1,7.91
255,8194,1,7.76
255,10925,1,6.92
255,13656,1,7.58
255,16387,1,7.61
255,19118,1,7.77
255,21849,1,7.88
255,24580,1,7.98
255,27311,1,7.94
255,30042,1,7.5
255,32773,1,7.2
255,35504,1,6.52
255,38235,1,6.84
255,40966,1,6.96
255,43697,1,6.96
255,46428,1,7.97
255,49159,1,7.96
255,51890,1,7.61
255,54621,1,7.62
255,57352,1,7.82
255,60083,1,8.14
255,62814,1,7.92
255,65535,1,7.79
255,1,33,7.17
255,2732,33,7.29
255,5463,33,7.25
255,8194,33,7.05
255,10925,33,6.16
255,13656,33,6.53
255,16387,33,6.78
255,19118,33,6.89
255,21849,33,7.12
255,24580,33,7.29
255,27311,33,7.2
255,30042,33,6.71
255,32773,33,6.93
255,35504,33,5.95
255,38235,33,6.2
255,40966,33,6.11
255,43697,33,6.23
255,46428,33,7.26
255,49159,33,7.44
255,51890,33,6.97
255,54621,33,7.06
255,57352,33,7.23
255,60083,33,7.62
255,62814,33,7.27
255,65535,33,7.07
255,1,65,6.64
255,2732,65,6.87
255,5463,65,6.81
255,8194,65,6.56
255,10925,65,5.6
255,13656,65,6.14
255,16387,65,6.32
255,19118,65,6.49
255,21849,65,6.65
255,24580,65,6.84
255,27311,65,6.88
255,30042,65,6.34
255,32773,65,6.46
255,35504,65,5.47
255,38235,65,5.74
255,40966,65,5.61
255,43697,65,5.74
255,46428,65,6.75
255,49159,65,7.01
255,51890,65,6.58
255,54621,65,6.7
255,57352,65,6.74
255,60083,65,7.15
255,62814,65,6.71
255,65535,65,6.59
255,1,97,5.96
255,2732,97,6.0
255,5463,97,6.35
255,8194,97,6.33
255,10925,97,5.47
255,13656,97,5.82
255,16387,97,5.91
255,19118,97,5.94
255,21849,97,5.9
255,24580,97,5.99
255,27311,97,6.23
255,30042,97,5.7
255,32773,97,5.99
255,35504,97,5.05
255,38235,97,5.35
255,40966,97,4.9
255,43697,97,5.17
255,46428,97,6.01
255,49159,97,6.38
255,51890,97,6.32
255,54621,97,6.41
255,57352,97,6.35
255,60083,97,6.33
255,62814,97,6.0
255,65535,97,5.93
255,1,129,5.3
255,2732,129,5.3
255,5463,129,5.84
255,8194,129,6.17
255,10925,129,5.32
255,13656,129,5.63
255,16387,129,5.58
255,19118,129,5.28
255,21849,129,5.36
255,24580,129,5.27
255,27311,129,5.59
255,30042,129,4.9
255,32773,129,5.5
255,35504,129,4.68
255,38235,129,4.9
255,40966,129,4.33
255,43697,129,4.57
255,46428,129,5.21
255,49159,129,5.81
255,51890,129,6.09
255,54621,129,6.2
255,57352,129,6.03
255,60083,129,5.58
255,62814,129,5.21
255,65535,129,5.33
255,1,161,4.51
255,2732,161,4.58
255,5463,161,5.13
255,8194,161,5.63
255,10925,161,4.76
255,13656,161,5.02
255,16387,161,4.99
255,19118,161,4.64
255,21849,161,4.74
255,24580,161,4.79
255,27311,161,5.22
255,30042,161,4.66
255,32773,161,5.28
255,35504,161,4.49
255,38235,161,4.56
255,40966,161,4.16
255,43697,161,4.17
255,46428,161,4.7
255,49159,161,5.18
255,51890,161,5.56
255,54621,161,5.69
255,57352,161,5.49
255,60083,161,4.95
255,62814,161,4.64
255,65535,161,4.64
255,1,193,4.07
255,2732,193,4.18
255,5463,193,4.79
255,8194,193,5.1
255,10925,193,5.07
255,13656,193,4.55
255,16387,193,4.36
255,19118,193,4.23
255,21849,193,4.13
255,24580,193,4.28
255,27311,193,4.71
255,30042,193,4.43
255,32773,193,5.07
255,35504,193,4.37
255,38235,193,4.27
255,40966,193,3.89
255,43697,193,3.9
255,46428,193,4.14
255,49159,193,4.54
255,51890,193,5.26
255,54621,193,5.41
255,57352,193,4.89
255,60083,193,4.37
255,62814,193,4.04
255,65535,193,3.97
255,1,225,3.87
255,2732,225,3.96
255,5463,225,4.45
255,8194,225,4.95
255,10925,225,4.87
255,13656,225,4.34
255,16387,225,4.09
255,19118,225,3.87
255,21849,225,3.81
255,24580,225,4.1
255,27311,225,4.33
255,30042,225,4.18
255,32773,225,4.71
255,35504,225,4.23
255,38235,225,4.08
255,40966,225,3.79
255,43697,225,3.75
255,46428,225,3.91
255,49159,225,4.36
255,51890,225,5.11
255,54621,225,5.22
255,57352,225,4.7
255,60083,225,4.27
255,62814,225,3.87
255,65535,225,3.83
255,1,255,3.45
255,2732,255,3.66
255,5463,255,4.01
255,8194,255,4.27
255,10925,255,4.49
255,13656,255,3.85
255,16387,255,3.67
255,19118,255,3.56
255,21849,255,3.43
255,24580,255,3.69
255,27311,255,3.81
255,30042,255,3.75
255,32773,255,4.33
255,35504,255,3.78
255,38235,255,3.76
255,40966,255,3.33
255,43697,255,3.43
255,46428,255,3.55
255,49159,255,4.09
255,51890,255,4.78
255,54621,255,4.87
255,57352,255,4.38
255,60083,255,3.97
255,62814,255,3.62
255,65535,255,3.38
