10-digit code,Product type,ART code
9150037614,Hue outdoor wall,LWW003
9150037615,Hue outdoor pedestal,LWF003
9150037616,Hue outdoor post,LWF004
9150045767,Hue go,LLC020
9150055612,Hue outdoor wall,1740193P0
9150055613,Hue outdoor pedestal,1740293P0
9150055614,Hue outdoor post,1740393P0
9150055615,Hue outdoor wall,1740447P0
9150055616,Hue outdoor pedestal,1740547P0
9150055617,Hue outdoor post,1740647P0
9150056294,Hue outdoor wall,LWW002
9150056295,Hue outdoor security light,LWS001
9150056296,Hue outdoor wall,LWW002
9150056297,Hue outdoor spot,1741430P7
9150056298,Hue outdoor spot,1741530P7
9150056299,Hue outdoor spot,1741630V7
9150056300,Hue outdoor spot,1741730V7
9150056301,Hue outdoor spot,1741830P7
9150056302,Hue outdoor bollard,1741930V7
9150056303,Hue outdoor pedestal,1742030P7
9150056304,Hue outdoor bollard,1742130V7
9150056305,Hue outdoor pedestal,1742630P7
9150056306,Hue outdoor pedestal,1742330P7
9150056674,Hue outdoor spot,1742730P7
9150056717,Hue outdoor spot,1742830P7
9150056891,Hue color table,LCT021
9150057306,Hue outdoor wall,1742930P7
9150057308,Hue outdoor wall,1743030P7
9150057310,Hue outdoor pedestal,1743130P7
9150057311,Hue outdoor post,1743230P7
9150057313,Hue outdoor pedestal,1743430P7
9150057314,Hue Discover outdoor wall,1743530P7
9150057315,Hue Discover outdoor wall,1743530V7
9150057316,Hue outdoor wall,1743630P7
9150057317,Hue outdoor wall,1743630V7
9150057318,Hue Calla outdoor pedestal,1743730P7
9150057319,Hue Econic outdoor wall,1743830P7
9150057320,Hue Econic outdoor wall,1743830V7
9150057321,Hue Econic outdoor wall,1743930P7
9150057322,Hue Econic outdoor wall,1743930V7
9150057323,Hue Econic outdoor wall,1744030P7
9150057324,Hue Econic outdoor wall,1744030V7
9150057325,Hue Econic outdoor pedestal,1744130P7
9150057326,Hue outdoor pedestal,1745230V7
9150057327,Hue Econic outdoor post,1744230P7
9150057329,Hue outdoor wall,1744430P7
9150057330,Hue outdoor wall,1744530P7
9150057331,Hue outdoor wall,1744630P7
9150057332,Hue Fuzo outdoor pedestal,1744730P7
9150057333,Hue Fuzo outdoor post,1744830P7
9150057392,Hue ambiance wall,3402931P7
9150057393,Hue ambiance wall,3402831P7
9150057542,Hue ambiance downlight,LTD006
9150057544,Hue ambiance downlight,LTD007
9150057545,Hue ambiance downlight,LTD008
9150057563,Hue outdoor pedestal,1745030A7
9150057565,Hue Lily outdoor spotlight,1744930A7
9150057580,Hue outdoor pedestal,1745130P7
9150057612,Hue Fugato color spot,5063130P7
9150057613,Hue Fugato color spot,5063231P7
9150057614,Hue Fugato color spot,5063230P7
9150057615,Hue Fugato color spot,5063331P7
9150057616,Hue Fugato color spot,5063330P7
9150057617,Hue Fugato color spot,5063431P7
9150057618,Hue Fugato color spot,5063430P7
9150057619,Hue Argenta color spot,5062131P7
9150057620,Hue Argenta color spot,5062231P7
9150057621,Hue Argenta color spot,5062331P7
9150057622,Hue Argenta color spot,5062431P7
9150057623,Hue Argenta color spot,5062148P7
9150057624,Hue Argenta color spot,5062248P7
9150057625,Hue Argenta color spot,5062348P7
9150057626,Hue Argenta color spot,5062448P7
9150057665,Hue outdoor pedestal,1745430P7
9150057666,Hue Centura color spot,5045148P7
9150057667,Hue Centura color spot,5045131P7
9150057668,Hue Centura color spot,5055148P7
9150057669,Hue Centura color spot,5055131P7
9150058219,Hue go,LCT026
9150058220,Hue go,LCT026
9150058221,Hue go,LCT026
9150058222,Hue go,LCT026
9150058223,Hue go,LCT026
9150058224,Hue go,LCT026
9150058225,Hue go,LCT026
9150058226,Hue go,LCT026
9150058233,Hue ambiance downlight,LTD009
9150058234,Hue ambiance downlight,LTD010
9150058245,Hue color downlight,LCD001
9150058246,Hue color downlight,LCD002
9150058416,Hue outdoor pedestal,1745530P7
9150058417,Hue outdoor wall,1745630P7
9150058419,Hue outdoor pedestal,1745730V7
9150058421,Hue outdoor wall,1745930P7
9150058424,Hue outdoor wall,1746130P7
9150058425,Hue outdoor wall,1746130V7
9150058426,Hue outdoor spot,1746230P7
9150058427,Hue outdoor spot,1746230V7
9150058428,Hue outdoor wall,1746330P7
9150058429,Hue outdoor wall,1746430P7
9150058430,Hue outdoor wall,1746447P7
9150058431,Hue outdoor wall,1746330V7
9150058432,Hue outdoor wall,1746530P7
9150058433,Hue outdoor wall,1746547P7
9150058434,Hue Amarant Wall Washer,1746630P7
9150058435,Hue Amarant Wall Washer,1746630V7
9150058604,Hue outdoor pedestal,1745430A7
9150058691,Hue ambiance ceiling,4100148U9
9150058696,Hue Fair ceiling,4100248U9
9150058697,Hue ambiance pendant,4100348U9
9150058700,Hue Cher ceiling,4096730U9
9150058703,Hue Signe table,4080148U9
9150058704,Hue Signe floor,4080248U9
9150058711,Hue Flourish table,4090431U9
9150058713,Hue Flourish pendant,4090631U9
9150058714,Hue Being ceiling,4100448U9
9150058715,Hue color table,4080148P9
9150058716,Hue color floor,4080248P9
9150058717,Hue color wall,4090130P9
9150058718,Hue color wall,4090131P9
9150058719,Hue color wall,4090230P9
9150058720,Hue color wall,4090231P9
9150058721,Hue color pendant up,4090331P9_01
9150058722,Hue color table,4090431P9
9150058723,Hue color ceiling,4090531P9
9150058724,Hue color pendant round,4090631P9
9150058754,Hue ambiance downlight,LTD011
9150059056,Hue color floor,4080248G9
9150059123,Hue Wellness Table,4080130P6
9150059124,Hue Wellness Table,4080130G6
9150059125,Hue Wellner Table,4440156P6
9150059127,Hue Cher Pendant,4076131P6
9150059128,Hue Cher Pendant,4076130P6
9150059129,Hue Fair Pendant,4033931P6
9150059130,Hue Fair Pendant,4033930P6
9150059131,Hue Fair Ceiling,4034031P6
9150059132,Hue Fair Ceiling,4034030P6
9150059133,Hue Amaze Pendant,4023331P6
9150059134,Hue Amaze Pendant,4023330P6
9150059135,Hue Being Ceiling,3261031P6
9150059136,Hue Being Ceiling,3261030P6
9150059137,Hue Being Ceiling,3261048P6
9150059138,Hue Still Ceiling,3261331P6
9150059139,Hue Still Ceiling,3261348P6
9150059140,Hue Still Ceiling,3261330P6
9150059141,Hue Cher Ceiling,4096730P6
9150059142,Hue Cher Ceiling,4096930P6
9150059143,Hue Devote Pendant,4300631P6
9150059144,Hue Devote Pendant,4300731P6
9150059145,Hue Being pendant,915005914501
9150059146,Hue Being pendant,915005914601
9150059147,Hue Being pendant,915005914701
9150059151,Hue Runner Spot,5309231P6
9150059152,Hue Runner Spot,5309230P6
9150059153,Hue Pillar Spot,5633230P6
9150059154,Hue Pillar Spot,5633030P6
9150059155,Hue Runner Spot,5309031P6
9150059156,Hue Runner Spot,5309030P6
9150059157,Hue Runner Spot,5309331P6
9150059158,Hue Runner Spot,5309330P6
9150059159,Hue Runner Spot,5309031P9
9150059160,Hue Runner Spot,5309030P9
9150059161,Hue Milliskin Spot,5041148P6
9150059162,Hue Milliskin Spot,5041131P6
9150059163,Hue Milliskin Spot,5041148P9
9150059164,Hue Milliskin Spot,5041131P9
9150059165,Hue Milliskin Spot,5042148P6
9150059166,Hue Milliskin Spot,5042131P6
9150059167,Hue Milliskin Spot,5042148P9
9150059168,Hue Milliskin Spot,5042131P9
9150059169,Hue Pillar Spot,5633231P6
9150059170,Hue Pillar Spot,5633031P6
9150059171,Hue Pillar Spot,5633031P9
9150059172,Hue Pillar Spot,5633030P9
9150059173,Hue Buratto Spot,5046131P6
9150059174,Hue Buratto Spot,5046148P6
9150059175,Hue Buratto Spot,5046131P9
9150059176,Hue Buratto Spot,5046148P9
9150059177,Hue Buratto Spot,5046231P6
9150059178,Hue Buratto Spot,5046248P6
9150059179,Hue Buratto Spot,5046331P6
9150059180,Hue Buratto Spot,5046348P6
9150059181,Hue Buratto Spot,5046431P6
9150059182,Hue Buratto Spot,5046448P6
9150059183,Hue Buckram Spot,5047231P6
9150059184,Hue Buckram Spot,5047230P6
9150059185,Hue Adore Spot,3417511P9
9150059186,Hue Buckram Spot,5047331P6
9150059187,Hue Buckram Spot,5047330P6
9150059188,Hue Buckram Spot,5047431P6
9150059189,Hue Adore Spot,3417611P6
9150059190,Hue Buckram Spot,5047430P6
9150059191,Hue Buckram Spot,5047131P9
9150059192,Hue Buckram Spot,5047130P9
9150059193,Hue Adore Wall,3417711P6
9150059194,Hue Buckram Spot,5047131P6
9150059195,Hue Buckram Spot,5047130P6
9150059196,Hue Adore Spot,3417831P6
9150059197,Hue Adore Spot,3418031P6
9150059198,Hue Adore Spot,3417931P6
9150059199,Hue Adore Spot,3418131P6
9150059200,Hue Adore Wall,3418231P6
9150059201,Hue Adore Wall,3418331P6
9150059202,Hue Adore Ceiling,3418411P6
9150059203,Hue Adore Wall,3418631P6
9150059204,Hue Adore Ceiling,3418711U6
9150059205,Hue Adore Wall,3418831U6
9150059206,Hue Struana Ceiling,3418931P6
9150059207,Hue Aurelle Panel,3216131P6
9150059208,Hue Aurelle Panel,3216231P6
9150059209,Hue Aurelle Panel,3216331P6
9150059210,Hue Aurelle Panel,3216431P6
9150059211,Hue Within Ceiling,4505548C6
9150059212,Hue Within Ceiling,4505648C6
9150059213,Hue Within Pendant,4505748C9
9150059214,Hue Within Table,4505848C9
9150059217,Hue Within Floor,4505948C9
9150059218,Hue Semeru Ceiling,4507548C6
9150059219,Hue Semeru Ceiling,4507648C6
9150059220,Hue Semeru Pendant,4507748C9
9150059221,Hue Semeru Table,4507948C9
9150059222,Hue Semeru Floor,4508048C9
9150059223,Hue Semeru Wall,4507848C9
9150059236,Hue Muscari Ceiling,4503648C6
9150059237,Hue Muscari Ceiling,4503748C6
9150059238,Hue Muscari Pendant,4503848C6
9150059281,Hue Centris ceiling,5061030P7_01
9150059282,Hue Centris ceiling,5060930P7_01
9150059283,Hue Centris ceiling,5061031P7_01
9150059284,Hue Centris ceiling,5060931P7_01
9150059285,Hue Centris ceiling,5060830P7_01
9150059286,Hue Centris ceiling,5060831P7_01
9150059287,Hue Centris ceiling,5060730P7_01
9150059288,Hue Centris ceiling,5060731P7_01
9150059742,Hue ambiance downlight,LTD012
9150059761,Hue Explore pendant,915005976101
9150059763,Hue outdoor wall,1746347P7
9150059764,Hue color pendant up,4090330P9_01
9150059869,Signe gradient table,915005986901
9150059870,Signe gradient table,915005987001
9150059871,Signe gradient floor,915005987101
9150059872,Signe gradient floor,915005987201
9150059873,Signe gradient table,915005987301
9150059874,Signe gradient table,915005987401
9150059875,Signe gradient floor,915005987501
9150059876,Signe gradient floor,915005987601
9150059877,Signe gradient floor,915005987701
9150059878,Signe gradient floor,915005987801
9150059879,Play gradient tube,915005987901
9150059880,Play gradient tube,915005988001
9150059881,Play gradient tube,915005988101
9150059882,Play gradient tube,915005988201
9150059883,Play gradient tube,915005988301
9150059884,Play gradient tube,915005988401
9150059885,Play gradient tube,915005988501
9150059886,Play gradient tube,915005988601
9150059964,Hue Enrave ceiling,915005996401
9150059965,Hue Enrave ceiling,915005996501
9150059966,Hue Enrave ceiling,915005996601
9150059967,Hue Enrave ceiling,915005996701
9150059968,Hue Enrave ceiling,915005996801
9150059969,Hue Enrave ceiling,915005996901
9150059970,Hue Enrave ceiling,915005997001
9150059971,Hue Enrave ceiling,915005997101
9150059972,Hue Infuse ceiling,915005997201
9150059973,Hue Infuse ceiling,915005997301
9150059974,Hue Infuse ceiling,915005997401
9150059975,Hue Infuse ceiling,915005997501
9150059976,Hue Devere ceiling,915005997601
9150059977,Hue Devere ceiling,915005997701
9150059978,Hue Xamento ceiling,915005997801
9150059979,Hue Xamento ceiling,915005997901
9150059980,Hue Enrave pendant,915005998001
9150059981,Hue Enrave pendant,915005998101
9150059982,Hue Infuse ceiling,915005998201
9150060011,Hue outdoor spot,1746730V7
9150060021,Hue Impress outdoor wall,1745930V7
9290011998,Friends of Hue ambiance lamp,LTW016
9290012001,Hue ambiance lamp,LTA001
9290012001,Hue ambiance lamp,LTW010
9290012575,Hue color lamp,LCA002
9290012575,Hue color lamp,LCT015
9290012575,Hue color lamp,LCT016
9290018189,Hue white lamp,LWB015
9290018194,Hue white downlight,LWB022
9290018215,Hue white lamp,LWB016
9290019531,Hue color spot,LCG002
9290018215,Hue white lamp,LWA002
9290018216,Hue white lamp,LWA001
9290018217,Hue white lamp,LWA001
9290019532,Hue color spot,LCG001
9290019533,Hue ambiance spot,LTG002
9290019534,Hue ambiance spot,LTG001
9290019535,Hue white spot,LWG004
9290019536,Hue white spot,LWG003
9290019683,Hue color lamp,UNK000
9290019684,Hue white lamp,UNK000
9290019863,Hue white module,LWM002
9290020398,Hue white candle,LWE001
9290020399,Hue white candle,LWE002
9290020400,Hue white candle,LWE003
9290022167,Hue ambiance lamp,LTA002
9290022169,Hue ambiance lamp,LTA001
9290022267,Hue ambiance Lamp,LTA003
9290022268,Hue white Lamp,LWA003
9290022409,Hue filament bulb,LWA004
9290022411,Hue filament bulb,LWA005
9290022412,Hue filament bulb,LWV001
9290022413,Hue filament bulb,LWV002
9290022414,Hue filament bulb,LWO001
9290022415,Hue filament bulb,LWO002
9290022574,Hue color lamp,LCA001
9290022575,Hue ambiance lamp,LTA001
9290022576,Hue ambiance lamp,LTA001
9290022615,Hue color lamp,LCA001
9290022616,Hue color lamp,LCA002
9290022691,Hue lightstrip plus,LCL001
9290022699,Hue color lamp,LCA001
9290022775,Hue white lamp,LWA007
9290022890,Hue lightstrip outdoor,LCL002
9290022891,Hue lightstrip outdoor,LCL003
9290022941,Hue color candle,LCE001
9290022942,Hue color candle,LCE002
9290022943,Hue ambiance candle,LTE001
9290022944,Hue ambiance candle,LTE002
9290022975,Hue ambiance candle,LTE003
9290023165,Hue white lamp,LWA015
9290023349,Hue white lamp,LWA009
9290023350,Hue white lamp,LWA010
9290023351,Hue white lamp,LWA008
9290023495,Hue white lamp,LWA011
9290023496,Hue white lamp,LWA012
9290023759,Hue Bloom,929002375901
9290023760,Hue Bloom,929002376001
9290023761,Hue Iris,929002376101
9290023762,Hue Iris,929002376201
9290023763,Hue Iris,929002376301
9290023764,Hue Iris,929002376401
9290023765,Hue Bloom,929002376501
9290023767,Hue Iris,929002376703
9290023768,Hue Iris,929002376801
9290023769,Hue Iris,929002376901
9290024227,Hue play gradient lightstrip 55”,LCX001
9290024228,Hue play gradient lightstrip 65”,LCX002
9290024229,Hue play gradient lightstrip 75”,LCX003
9290024592,Hue filament bulb,LWV003
9290024640,Hue filament bulb,LWO004
9290024641,Hue filament bulb,LWV004
9290024683,Hue ambiance lamp,LTA010
9290024684,Hue ambiance lamp,LTA009
9290024685,Hue ambiance lamp,LTA009
9290024687,Hue color lamp,LCA007
9290024688,Hue color lamp,LCA006
9290024689,Hue color lamp,LCA006
9290024691,Hue white lamp,LWA019
9290024692,Hue white lamp,LWA017
9290024693,Hue white lamp,LWA018
9290024695,Hue color lamp,UNK000
9290024696,Hue color lamp,UNK000
9290024716,Hue color lamp,LCA008
9290024717,Hue color lamp,LCA009
9290024719,Hue ambiance lamp,LTA011
9290024720,Hue ambiance lamp,LTA012
9290024775,Hue filament bulb,LTA005
9290024776,Hue filament bulb,LTA006
9290024777,Hue filament bulb,LTV001
9290024778,Hue filament bulb,LTO001
9290024779,Hue filament bulb,LTV002
9290024780,Hue filament bulb,LTV003
9290024781,Hue filament bulb,LTO002
9290024782,Hue filament bulb,LTO003
9290024783,Hue filament bulb,LTA007
9290024784,Hue filament bulb,LTV004
9290024785,Hue filament bulb,LTO004
9290024795,Hue filament bulb,LWE004
9290024796,Hue filament bulb,LWE005
9290024896,Hue color lamp,LCA004
9290024898,Hue ambiance lamp,LTA004
9290029664,Hue Surimu panel,929002966401
9290029665,Hue Surimu panel,929002966501
9290029808,Hue filament bulb,LTV005
9290029809,Hue filament bulb,LTO005
9290029949,Hue gradient lightstrip,LCX004
9290030168,Hue color downlight,LCD003
9290030211,Hue white candle,LWE007
9290030212,Hue white candle,LWE006
9290030213,Hue white candle,LWE008
9290030450,Hue Milliskin spot,929003045001_01
9290030451,Hue Milliskin spot,929003045101_01
9290030452,Hue Centura spot,929003045201_01
9290030453,Hue Centura spot,929003045301_01
9290030454,Hue Centura spot,929003045401
9290030455,Hue Centura spot,929003045501_01
9290030456,Hue Runner spot,929003045601_01
9290030457,Hue Runner spot,929003045701_01
9290030458,Hue Runner spot,929003045801
9290030459,Hue Runner spot,929003045901
9290030460,Hue Runner spot,929003046001
9290030461,Hue Runner spot,929003046101
9290030462,Hue Runner spot,929003046201_01
9290030463,Hue Runner spot,929003046301_01
9290030464,Hue Pillar spot,929003046401_01
9290030465,Hue Pillar spot,929003046501
9290030466,Hue Pillar spot,929003046601_01
9290030467,Hue Pillar spot,929003046701
9290030468,Hue Pillar spot,929003046801
9290030469,Hue Pillar spot,929003046901
9290030470,Hue Milliskin spot,929003047001
9290030471,Hue Milliskin spot,929003047101
9290030473,Hue Milliskin spot,929003047301
9290030474,Hue Centura spot,929003047401
9290030475,Hue Centura spot,929003047501
9290030476,Hue Centura spot,929003047601
9290030477,Hue Centura spot,929003047701
9290030478,Hue Buckram spot,929003047801_01
9290030479,Hue Buckram spot,929003047901_01
9290030480,Hue Buckram spot,929003048001_01
9290030481,Hue Buckram spot,929003048101_01
9290030482,Hue Buckram spot,929003048201_01
9290030483,Hue Buckram spot,929003048301_01
9290030484,Hue Buckram spot,929003048401
9290030485,Hue Buckram spot,929003048501
9290030486,Hue Buckram spot,929003048601
9290030487,Hue Buckram spot,929003048701
9290030525,Hue Ensis up,929003052501_01
9290030526,Hue Flourish table,929003052601
9290030527,Hue Flourish ceiling,929003052701
9290030528,Hue Flourish pendant,929003052801
9290030529,Hue Sana wall,929003052901
9290030530,Hue Sana wall,929003053001
9290030531,Hue Liane wall,929003053101
9290030532,Hue Liane wall,929003053201
9290030533,Hue Ensis up,929003053301_01
9290030534,Hue Flourish table,929003053401
9290030535,Hue Flourish ceiling,929003053501
9290030536,Hue Flourish pendant,929003053601
9290030537,Hue Fair ceiling,929003053701
9290030538,Hue Cher ceiling,929003053801
9290030539,Hue Being ceiling,929003053901
9290030540,Hue Wellness table,929003054001
9290030541,Hue Wellner table,929003054101
9290030542,Hue Cher pendant,929003054201
9290030543,Hue Cher pendant,929003054301
9290030544,Hue Fair pendant,929003054401
9290030545,Hue Fair pendant,929003054501
9290030546,Hue Fair ceiling,929003054601
9290030547,Hue Fair ceiling,929003054701
9290030548,Hue Amaze pendant,929003054801
9290030549,Hue Amaze pendant,929003054901
9290030550,Hue Being ceiling,929003055001
9290030551,Hue Being ceiling,929003055101
9290030552,Hue Being ceiling,929003055201
9290030553,Hue Still ceiling,929003055301
9290030554,Hue Still ceiling,929003055401
9290030555,Hue Still ceiling,929003055501
9290030556,Hue Cher ceiling,929003055601
9290030557,Hue Devote pendant,929003055701
9290030558,Hue Adore spot,929003055801
9290030559,Hue Adore spot,929003055901_01
9290030560,Hue Adore wall,929003056001
9290030561,Hue Adore spot,929003056101
9290030562,Hue Adore spot,929003056201_01
9290030563,Hue Adore spot,929003056301_01
9290030564,Hue Adore spot,929003056401_01
9290030565,Hue Adore wall,929003056501
9290030566,Hue Adore wall,929003056601
9290030567,Hue Adore ceiling,929003056701
9290030568,Hue Adore wall,929003056801
9290030569,Hue Struana ceiling,929003056901
9290030747,Hue Xamento spot,929003074701
9290030748,Hue Xamento spot,929003074801_01
9290030893,Hue outdoor wall,929003089301
9290030948,Hue color downlight,LCD004
9290030986,Hue Calla outdoor pedestal,929003098601
9290030987,Hue Resonate outdoor wall,929003098701
9290030988,Hue outdoor wall,929003098801
9290030989,Hue outdoor wall,929003098901
9290030990,Hue Aurelle Panel,929003099001
9290030991,Hue Aurelle Panel,929003099101
9290030992,Hue Aurelle Panel,929003099201
9290030993,Hue Aurelle Panel,929003099301
9290031451,Hue ambiance candle,929003145101
9290031451,Hue ambiance candle,929003145102
9290031452,Hue ambiance candle,929003145201
9290031452,Hue ambiance candle,929003145202
9290035164,Hue white lamp,929003516402
9290035164,Hue white lamp,929003516401
9290034794,Hue ambiance lamp,929003479402
9290034794,Hue ambiance lamp,929003479401
9290034793,Hue color lamp,929003479303
9290034793,Hue color lamp,929003479301
9290034793,Hue color lamp,929003479304
9290030948,Hue color downlight,929003094802
9290035744,Hue Enrave ceiling,929003574401
9290035743,Hue Enrave ceiling,929003574301
9290031159,Hue Perifo pendant,929003115901
9290031160,Hue Perifo pendant,929003116001
9290031157,Hue Perifo spotlight,929003115701
9290031158,Hue Perifo spotlight,929003115801
9290031163,Hue Perifo light tube,929003116301
9290031164,Hue Perifo light tube,929003116401
9290031165,Hue Perifo light tube,929003116501
9290031166,Hue Perifo light tube,929003116601
9290031161,Hue Perifo light bar,929003116101
9290031162,Hue Perifo light bar,929003116201
9290031171,Hue Perifo ceiling pendant,929003117101
9290031172,Hue Perifo ceiling pendant,929003117201
9290031175,Hue Perifo ceiling spotlight,929003117501
9290031176,Hue Perifo ceiling spotlight,929003117601
9290031173,Hue Perifo ceiling spotlight,929003117301
9290031174,Hue Perifo ceiling spotlight,929003117401
9290031179,Hue Perifo wall spotlight,929003117901
9290031180,Hue Perifo wall spotlight,929003118001
9290031177,Hue Perifo wall spotlight,929003117701
9290031178,Hue Perifo wall spotlight,929003117801
9290034792,Hue color slim downlight,929003479201
9290034985,Hue gradient pc lightstrip,929003498501
9290034986,Hue gradient pc lightstrip,929003498601
9290034987,Hue gradient pc lightstrip,929003498701
9290034985,Hue gradient pc lightstrip,929003498502
9290034986,Hue gradient pc lightstrip,929003498602
9290034987,Hue gradient pc lightstrip,929003498702
9290034985,Hue gradient pc lightstrip,929003498503
9290034986,Hue gradient pc lightstrip,929003498603
9290034987,Hue gradient pc lightstrip,929003498703
9290034796,Hue Signe table oak,929003479601
9290034797,Hue Signe floor oak,929003479701
9290035161,Hue Signe floor oak,929003516101
9290034799,Hue Signe floor oak,929003479901
9290035744,Hue Enrave ceiling,929003574401
9290035318,Hue Enrave ceiling,929003531801
9290035316,Hue Enrave ceiling,929003531602
9290035743,Hue Enrave ceiling,929003574301
9290035315,Hue Enrave ceiling,929003531502
9290035320,Hue Enrave ceiling,929003532001
9290035424,Hue Infuse ceiling,929003542401
9290035319,Hue Infuse ceiling,929003531901
9290035317,Hue infuse ceiling,929003531702
9290035287,Hue Sana wall,929003528702
9290035263,Hue Xamento ceiling,929003526301
9290035261,Hue Xamento spot,929003526101
9290035262,Hue Xamento spot,929003526202
9290030516,Hue filament bulb,929003051602
9290030516,Hue filament bulb,929003051603
9290030516,Hue filament bulb,929003051601
9290030520,Hue filament bulb,929003052002
9290030520,Hue filament bulb,929003052003
9290030520,Hue filament bulb,929003052001
9290030518,Hue filament bulb,929003051802
9290030518,Hue filament bulb,929003051803
9290030518,Hue filament bulb,929003051801
9290019531,Hue color Lamp,929001953122
